,mention,obj,prob,pmid
0,linear dsDNA genomes,DNA,0.774,34328827
1,mesophilic ammonia-oxidizing archaea,cell_type,0.7188,34328827
2,ammonia,drug,0.977,34328827
3,Nitrosopumilus spindle-shaped virus 1,species,0.703,34328827
4,Ammonia-oxidizing archaea,cell_line,0.5205,34316016
5,Ammonia,drug,0.9995,34316016
6,ammonia,drug,0.9995,34316016
7,ammonia,drug,0.9995,34316016
8,nitrate,drug,0.997,34316016
9,nitrogen,drug,0.9917,34316016
10,ammonia,drug,0.9995,34316016
11,chemolithoautotrophs,cell_type,0.526,34316016
12,ammonia,drug,0.9995,34316016
13,AOB,cell_type,0.642,34316016
14,ammonia,drug,1.0,34316016
15,AOA,cell_line,0.789,34316016
16,ammonia,drug,0.9995,34316016
17,AOA,cell_line,0.82,34316016
18,Nitrosocosmicus,species,0.6177,34316016
19,ammonia,drug,1.0,34316016
20,ammonium,drug,0.9995,34316016
21,ammonia,drug,0.9995,34316016
22,ammonium,drug,0.9995,34316016
23,AOB,cell_line,0.659,34316016
24,AOB,cell_line,0.4639,34316016
25,ammonia,drug,1.0,34316016
26,AOB,cell_line,0.508,34316016
27,ammonia,drug,1.0,34316016
28,ammonium,drug,0.9995,34316016
29,ammonia,drug,0.9995,34316016
30,AOA,drug,0.985,34316016
31,ammonia,drug,0.9995,34316016
32,comammox,drug,0.6973,34316016
33,Short-chain alkanes,drug,0.951,34158629
34,C2-C4,drug,0.999,34158629
35,ozone,drug,0.9985,34158629
36,propane-oxidizing cultures,cell_line,0.8286,34158629
37,propane,drug,0.9966,34158629
38,propane,drug,0.9526,34158629
39,methane,drug,0.9478,34158629
40,propane,drug,0.9854,34158629
41,methanotrophs,cell_type,0.6147,34158629
42,Methylacidiphilum,species,0.9233,34158629
43,propane,drug,0.9443,34158629
44,2-propanol,drug,0.9995,34158629
45,acetone,drug,0.9995,34158629
46,acetol,drug,0.999,34158629
47,gene cluster,DNA,0.7437,34158629
48,2-propanol,drug,0.9995,34158629
49,pyruvate,drug,0.993,34158629
50,acetol,drug,0.9956,34158629
51,2-propanol,drug,0.9995,34158629
52,genomic operons,DNA,0.8047,34158629
53,pmoCAB3,gene,0.9927,34158629
54,particulate methane monooxygenase,gene,0.996,34158629
55,methane,drug,0.956,34158629
56,PMO,gene,0.9824,34158629
57,PMO3,gene,0.9937,34158629
58,acetone,drug,0.999,34158629
59,acetol,drug,0.995,34158629
60,Acetone,drug,1.0,34158629
61,acetone,drug,0.999,34158629
62,butanone,drug,0.991,34158629
63,methane,drug,0.992,34158629
64,propane,drug,0.908,34158629
65,PMO3,gene,0.9536,34158629
66,ketones,drug,0.9985,34158629
67,alkanes,drug,0.9976,34158629
68,PMO-encoding operon,DNA,0.852,34158629
69,PMO-encoding operon,gene,0.9917,34158629
70,pmoCAB2,gene,0.9917,34158629
71,methane-grown cells,cell_line,0.7334,34158629
72,methane,drug,0.9985,34158629
73,PMO2,gene,0.9917,34158629
74,2-propanol,drug,0.999,34158629
75,propane,drug,0.9644,34158629
76,methane,drug,0.9966,34158629
77,Ammonia,drug,1.0,33624267
78,ammonia,drug,1.0,33624267
79,nitrogen,drug,0.9956,33624267
80,ammonia,drug,1.0,33624267
81,nitrite,drug,0.9985,33624267
82,nitrogen,drug,0.9985,33624267
83,carbon,drug,0.998,33624267
84,AOA,cell_line,0.645,33624267
85,AOA,cell_line,0.6865,33624267
86,Facultative Methane-Oxidizing Bacterial Strain,cell_line,0.786,33147874
87,Methane,drug,0.9966,33147874
88,Methylocystis,species,0.4404,33147874
89,Methane,drug,0.999,33147874
90,methane,drug,0.852,33147874
91,wetland methanotroph,cell_line,0.664,33147874
92,B8,cell_line,0.6553,33147874
93,B8,cell_line,0.3909,33147874
94,Methane,drug,0.999,33147874
95,methanol,drug,0.9995,33147874
96,acetate,drug,0.9995,33147874
97,carbon,drug,0.999,33147874
98,Hydrogen,drug,0.9985,33147874
99,oxygen,drug,1.0,33147874
100,particulate methane monooxygenases,gene,0.9917,33147874
101,methane,drug,0.9946,33147874
102,pMMO,gene,0.975,33147874
103,methane,drug,0.992,33147874
104,pMMO1,gene,0.9917,33147874
105,methane,drug,0.995,33147874
106,pMMO2,gene,0.9927,33147874
107,B8,cell_line,0.401,33147874
108,methane,drug,0.9595,33147874
109,genes,DNA,0.4817,33147874
110,hydrogenase,gene,0.9863,33147874
111,nitrogen,drug,0.992,33147874
112,polyhydroxybutyrate,drug,0.9985,33147874
113,Methylococcus geothermalis,species,0.939,32910751
114,catalase,gene,0.988,32910751
115,oxidase,gene,0.829,32910751
116,type I methanotrophs,cell_line,0.6284,32910751
117,type,cell_type,0.502,32910751
118,membrane-bound and soluble methane monooxygenases,gene,0.9004,32910751
119,methane,drug,0.981,32910751
120,methane,drug,0.9814,32910751
121,methanol,drug,0.9995,32910751
122,16S rRNA gene,gene,0.9897,32910751
123,PmoA sequences,gene,0.964,32910751
124,IM1,cell_line,0.3965,32910751
125,16S rRNA gene,DNA,0.7417,32910751
126,16S rRNA gene sequence,gene,0.9736,32910751
127,Methylococcus,species,0.78,32910751
128,GDS2,DNA,0.495,32910751
129,Methylococcus capsulatus,species,0.943,32910751
130,Methylococcus capsulatus,species,0.936,32910751
131,Methyloterricola oryzae 73a(T),cell_line,0.572,32910751
132,Methyloterricola oryzae 73a,species,0.86,32910751
133,nucleotide,drug,0.984,32910751
134,Methylococcus capsulatus,species,0.977,32910751
135,DNA,RNA,0.467,32910751
136,fatty acids,drug,0.9326,32910751
137,ubiquinone,drug,0.9995,32910751
138,methylene-ubiquinone-8,drug,0.9995,32910751
139,Methylococcus,species,0.6523,32910751
140,Methylococcus geothermalis,species,0.94,32910751
141,IM1,cell_line,0.4182,32910751
142,Ammonia,drug,1.0,32826214
143,ammonia,drug,1.0,32826214
144,nitrogen,drug,0.998,32826214
145,strict nitrite-oxidizing bacteria,cell_type,0.606,32826214
146,nitrite,drug,0.994,32826214
147,sNOB,cell_line,0.757,32826214
148,comammox Nitrospira,cell_line,0.525,32826214
149,nitrite,drug,0.9976,32826214
150,nitrite oxidoreductase genes,gene,0.9893,32826214
151,Nitrospira,species,0.63,32826214
152,ammonia monooxygenase gene,DNA,0.868,32826214
153,ammonia,drug,0.9976,32826214
154,ammonia monooxygenase gene,gene,0.986,32826214
155,amoA,gene,0.9844,32826214
156,sNOB,cell_line,0.569,32826214
157,sNOB,cell_type,0.4595,32826214
158,-specific primer set,DNA,0.455,32826214
159,cyanase gene,gene,0.9907,32826214
160,cynS,DNA,0.877,32826214
161,cynS,gene,0.9966,32826214
162,metagenome,DNA,0.5938,32826214
163,metatranscriptome,DNA,0.4968,32826214
164,sNOB,cell_type,0.4536,32826214
165,comammox Nitrospira clade A,cell_line,0.574,32826214
166,Nitrospira,species,0.4927,32826214
167,Nitrospira,species,0.6006,32826214
168,ammonia,drug,0.9995,32826214
169,ammonia,drug,1.0,32826214
170,comammox Nitrospira,cell_line,0.479,32826214
171,comammox Nitrospira,cell_line,0.4692,32826214
172,Nitrospira,species,0.703,32826214
173,comammox Nitrospira,cell_line,0.547,32826214
174,nitrite,drug,0.9995,32826214
175,ammonia,drug,0.9995,32826214
176,Nitrospira,species,0.643,32826214
177,Nitrospira 16S rRNA gene,gene,0.987,32826214
178,Nitrospira,species,0.849,32826214
179,nitrite oxidoreductase (nxr) gene,DNA,0.877,32826214
180,nitrite,drug,0.9995,32826214
181,nitrite oxidoreductase,gene,0.9688,32826214
182,nxr,gene,0.9805,32826214
183,strict nitrite-oxidizing bacteria,cell_type,0.5547,32826214
184,nitrite,drug,0.9985,32826214
185,comammox Nitrospira clades A and B,cell_line,0.6523,32826214
186,Nitrospira,species,0.5884,32826214
187,sNOB,cell_type,0.5566,32826214
188,comammox Nitrospira,cell_line,0.4763,32826214
189,sNOB,cell_type,0.57,32826214
190,ammonia,drug,1.0,32826214
191,copper,drug,0.9966,31624348
192,ammonia,drug,1.0,31624348
193,ammonia,drug,1.0,31624348
194,AOA strains,cell_line,0.634,31624348
195,AOB strain,cell_line,0.5894,31624348
196,AOA,gene,0.8506,31624348
197,yeast,species,0.9805,31624348
198,AOA,cell_line,0.608,31624348
199,AOB strain,cell_line,0.7036,31624348
200,AOA,drug,0.9453,31624348
201,AOA,cell_line,0.4788,31624348
202,copper,drug,0.9985,31624348
203,pure,cell_line,0.6387,31624348
204,AOA cultures,cell_line,0.7905,31624348
205,AOA,cell_type,0.4578,31624348
206,AOA,cell_line,0.4973,31624348
207,ATPase operons,gene,0.853,31462715
208,ammonia,drug,0.9985,31462715
209,ATPases,gene,0.995,31462715
210,ATPase genealogy,gene,0.8105,31462715
211,V-type ATPases,gene,0.9946,31462715
212,acidophilic,cell_line,0.4587,31462715
213,V-ATPase,gene,0.9897,31462715
214,acid-tolerant thaumarchaeote,cell_line,0.672,31462715
215,acid,cell_type,0.5474,31462715
216,thaumarchaeotal V-ATPase,gene,0.989,31462715
217,E. coli,species,0.985,31462715
218,Thaumarchaeota,cell_type,0.4966,31462715
219,atp operons,gene,0.7466,31462715
220,planktonic archaeal and bacterial assemblages,cell_type,0.555,31449563
221,archaeal and bacterial assemblages,cell_type,0.6387,31449563
222,archaeal and bacterial assemblages,cell_type,0.7153,31449563
223,16S rRNA gene sequences,gene,0.995,31449563
224,planktonic archaeal and bacterial assemblages,cell_type,0.6187,31449563
225,NO2-,drug,0.9995,31449563
226,chlorophyll a,drug,0.9995,31449563
227,chl-a,drug,0.999,31449563
228,chl-a,drug,0.999,31449563
229,chl-a,drug,0.9985,31449563
230,Bacteroidetes,cell_type,0.4473,31449563
231,chl-a,drug,0.9976,31449563
232,chl-a,drug,0.9985,31449563
233,Marine Group,cell_line,0.4873,31449563
234,nitrogen,drug,0.9785,31449563
235,ammonia,drug,0.9995,31449563
236,oxidizing,cell_line,0.6416,31449563
237,archaeal and bacterial assemblages,cell_type,0.5483,31449563
238,marine ammonia-oxidizing thaumarchaea,cell_line,0.631,31311861
239,ammonia,drug,0.991,31311861
240,Ammonia,drug,1.0,31311861
241,carbon,drug,0.9937,31311861
242,nitrogen,drug,0.9976,31311861
243,Nitrosopumilus,species,0.811,31311861
244,AOA,cell_line,0.706,31311861
245,Nitrosopumilus,species,0.7417,31311861
246,host cells,cell_type,0.8125,31311861
247,linear double-stranded DNA genomes,DNA,0.824,31311861
248,NSV,disease,0.5054,31311861
249,AOA,cell_line,0.921,31311861
250,ammonia,drug,0.9995,31311861
251,nitrite,drug,0.999,31311861
252,host chromosome,DNA,0.9136,31311861
253,mesophilic archaea,cell_type,0.5205,31311861
254,N2O,drug,0.999,31227816
255,ammonia,drug,0.517,31227816
256,Nitrous oxide,drug,1.0,31227816
257,N2O,drug,1.0,31227816
258,N2O,drug,0.9995,31227816
259,nitrifiers,cell_type,0.5684,31227816
260,N2O,drug,0.9995,31227816
261,ammonia,drug,1.0,31227816
262,Nitrosocosmicus oleophilus,species,0.8936,31227816
263,Nitrosotenuis chungbukensis,species,0.889,31227816
264,ammonia,drug,0.999,31227816
265,Nitrosomonas europaea,species,0.8374,31227816
266,N2O,drug,0.9995,31227816
267,15N,drug,0.9985,31227816
268,N2O,drug,1.0,31227816
269,N2O,drug,1.0,31227816
270,AOB,cell_line,0.788,31227816
271,N,cell_line,0.4836,31227816
272,N. oleophilus,species,0.9575,31227816
273,15N,drug,0.999,31227816
274,nitrite,drug,0.998,31227816
275,nitrite,drug,0.9995,31227816
276,N2O,drug,0.9995,31227816
277,ammonia,drug,1.0,31227816
278,N. oleophilus,species,0.9697,31227816
279,N2O,drug,1.0,31227816
280,nitrogen,drug,0.9814,31227816
281,nitrite,drug,0.9985,31227816
282,cytochrome P450 NO reductase,gene,0.976,31227816
283,NO,drug,0.9985,31227816
284,N. oleophilus,species,0.95,31227816
285,nitrite,drug,0.9985,31227816
286,N2O,drug,0.999,31227816
287,Sphingorhabdus pulchriflava,species,0.9434,31162019
288,Gram,cell_line,0.5264,31162019
289,catalase,gene,0.9956,31162019
290,oxidase,gene,0.9873,31162019
291,Sphingorhabdus,species,0.7095,31162019
292,Sphingorhabdus wooponensis,species,0.825,31162019
293,Sphingorhabdus buctiana,species,0.923,31162019
294,Sphingorhabdus contaminans,species,0.963,31162019
295,Sphingorhabdus rigui 01SU5,species,0.8677,31162019
296,Sphingorhabdus planktonica,species,0.977,31162019
297,G1A,mutation,,31162019
298,16S rRNA gene,RNA,0.5483,31162019
299,16S rRNA gene sequences,gene,0.9375,31162019
300,GY_G,cell_line,0.519,31162019
301,NaCl,drug,0.9985,31162019
302,turanose,drug,0.9966,31162019
303,d-fructose-6-phosphate,drug,0.9995,31162019
304,glucuronamide,drug,0.9985,31162019
305,-keto-glutaric acid,drug,0.999,31162019
306,acetoacetic acid,drug,0.999,31162019
307,fatty acids,drug,0.9863,31162019
308,quinone,drug,0.9995,31162019
309,Q-10,drug,0.862,31162019
310,diphosphatidylglycerol,drug,0.999,31162019
311,phosphatidylglycerol,drug,0.999,31162019
312,phosphatidylethanolamine,drug,0.9775,31162019
313,sphingolipid,drug,0.926,31162019
314,nucleotide,drug,0.9976,31162019
315,amino acid,drug,0.999,31162019
316,S. wooponensis,species,0.943,31162019
317,Sphingorhabdus,species,0.8237,31162019
318,Sphingorhabdus,species,0.5576,31162019
319,carbon,drug,0.998,30857548
320,carbon,drug,0.985,30786927
321,Phaeocystis,cell_line,0.4297,30786927
322,Phaeocystis antarctica,species,0.9653,30786927
323,Carbon,drug,0.874,30786927
324,phytoplankton,cell_type,0.5356,30786927
325,trophic,DNA,0.4805,30786927
326,carbon,drug,0.954,30786927
327,bacterial genomes,DNA,0.7393,30786927
328,genes,DNA,0.566,30786927
329,carbon,drug,0.996,30786927
330,genome bin,DNA,0.8223,30786927
331,mRNA reads,RNA,0.57,30786927
332,Polaribacter,cell_line,0.5303,30786927
333,P. antarctica,species,0.8823,30786927
334,chrysolaminarin,drug,0.993,30786927
335,glycosyl hydrolases,gene,0.993,30786927
336,Ant4D3,cell_line,0.7856,30786927
337,SUP05,DNA,0.492,30786927
338,low,RNA,0.4546,30786927
339,carbon,drug,0.994,30786927
340,SAR92,cell_line,0.5635,30786927
341,P. antarctica,species,0.959,30786927
342,P,cell_line,0.464,30786927
343,P. antarctica,species,0.94,30786927
344,diatoms,cell_type,0.4949,30786927
345,carbon,drug,0.999,30786927
346,Candidatus Izimaplasma sp,species,0.78,30533919
347,Candidatus Izimaplasma sp,species,0.766,30533919
348,iron,drug,0.9985,30533919
349,toluene,drug,0.9927,30533919
350,&quot;Ca,cell_line,0.4583,30533919
351,ZiA1 genome,DNA,0.825,30533919
352,Arabidopsis thaliana,species,0.969,30461142
353,Pectobacterium carotovorum,species,0.9873,30461142
354,Pseudomonas syringae,species,0.98,30461142
355,archaeal,cell_line,0.447,30461142
356,archaeal cells,cell_type,0.729,30461142
357,Arabidopsis thaliana,species,0.966,30461142
358,necrotrophic bacterium,cell_type,0.5425,30461142
359,Pectobacterium carotovorum subsp. carotovorum,species,0.9326,30461142
360,biotrophic bacterium,cell_type,0.5205,30461142
361,Pseudomonas syringae pv. tomato,species,0.8447,30461142
362,Ammonia,drug,1.0,30461142
363,Nitrosocosmicus oleophilus MY3,species,0.824,30461142
364,Arabidopsis plants,species,0.7295,30461142
365,salicylic acid,drug,0.9985,30461142
366,ISR,gene,0.5713,30461142
367,N,cell_line,0.4746,30461142
368,N. oleophilus,species,0.979,30461142
369,Ammonia,drug,0.9995,30315079
370,ammonia,drug,0.48,30315079
371,nitrogen,drug,0.9966,30315079
372,highly degenerate primers,DNA,0.4973,30315079
373,ammonia,drug,1.0,30315079
374,AOB,cell_type,0.5195,30315079
375,ammonia monooxygenase subunit A (amoA) gene,DNA,0.839,30315079
376,ammonia,drug,0.9995,30315079
377,ammonia monooxygenase subunit A,gene,0.9966,30315079
378,amoA,gene,0.9893,30315079
379,amoA genes,gene,0.841,30315079
380,ammonia,drug,0.9995,30315079
381,AOA,cell_type,0.4885,30315079
382,comammox amoA gene,DNA,0.878,30315079
383,comammox,cell_type,0.507,30315079
384,ammonia,drug,0.9995,30315079
385,comammox,cell_line,0.5215,30315079
386,ammonia,drug,0.9995,30315079
387,nitrate,drug,0.9976,30315079
388,nitrite,drug,0.999,30315079
389,nitrogen,drug,0.993,30315079
390,nitrifiers,cell_type,0.4426,30315079
391,nitrogen,drug,0.998,30315079
392,nitrifying microorganisms,cell_type,0.6445,30315079
393,ammonia,drug,0.9995,30315079
394,comammox,cell_line,0.4673,30315079
395,Methanotrophs,cell_type,0.496,30210468
396,methane,drug,0.9927,30210468
397,methanotrophs,cell_type,0.534,30210468
398,methane,drug,0.999,30210468
399,near,DNA,0.469,30210468
400,proteobacterial methanotrophs,cell_type,0.548,30210468
401,methanotroph genomes,DNA,0.816,30210468
402,KS32,DNA,0.738,30210468
403,KS41,DNA,0.6846,30210468
404,methanotrophs,cell_type,0.4937,30210468
405,Methylocystis,species,0.6997,30210468
406,Methylobacter,species,0.776,30210468
407,potassium,drug,0.9995,30210468
408,sodium,drug,0.9995,30210468
409,proton-translocating F1F0-type ATP synthase genes,DNA,0.73,30210468
410,F1F0-type ATP synthase genes,gene,0.9766,30210468
411,KS32,cell_line,0.6255,30210468
412,V-type ATP synthase,gene,0.998,30210468
413,ATP,drug,0.9507,30210468
414,urea assimilation genes,DNA,0.8423,30210468
415,urea,drug,0.998,30210468
416,KS41,cell_line,0.7046,30210468
417,cyclopropane fatty acids,drug,0.9995,30210468
418,hopanoid,drug,0.9717,30210468
419,methanotroph genomes,DNA,0.669,30210468
420,methane,drug,0.987,30210468
421,KS41,gene,0.5815,30210468
422,16S rRNA,gene,0.6016,30210468
423,genome sequences,DNA,0.757,30210468
424,methanotrophs,cell_type,0.645,30210468
425,Salmonella enterica,species,0.945,30165934
426,Salmonella enterica,species,0.9043,30165934
427,salmonellosis,disease,1.0,30165934
428,salmonellosis,disease,1.0,30165934
429,fever,disease,0.999,30165934
430,diarrhea,disease,1.0,30165934
431,gastroenteritis,disease,1.0,30165934
432,aptamer,DNA,0.532,30165934
433,S. enterica ser,species,0.8643,30165934
434,S. enterica,species,0.903,30165934
435,S11,RNA,0.4382,30165934
436,S24,DNA,0.3843,30165934
437,S. enterica,species,0.9653,30165934
438,S11,gene,0.4646,30165934
439,S24,gene,0.4456,30165934
440,S. enterica ser,species,0.8945,30165934
441,Salmonella,species,0.951,30165934
442,S. enterica,species,0.885,30165934
443,S. enterica,species,0.847,30165934
444,S. enterica ser,species,0.8184,30165934
445,S. enterica,species,0.8315,30165934
446,Escherichia coli,species,0.956,30165934
447,Listeria monocytogenes,species,0.9604,30165934
448,Shigella sonnei,species,0.962,30165934
449,Staphylococcus aureus,species,0.9717,30165934
450,S. enterica,species,0.958,30165934
451,S. enterica,species,0.943,30165934
452,S. enterica,species,0.958,30165934
453,Nitrosarchaeum koreense,species,0.6675,30124400
454,ammonia,drug,0.999,30124400
455,rod-shaped cells,cell_line,0.706,30124400
456,glycerol dibiphytanyl glycerol tetraether,drug,0.9995,30124400
457,GDGT,drug,0.998,30124400
458,GDGT-0,drug,0.998,30124400
459,GDGT-4,drug,0.958,30124400
460,crenarchaeol,drug,0.9795,30124400
461,hexose,drug,0.9995,30124400
462,phosphohexose,drug,0.9995,30124400
463,dihexose,drug,0.999,30124400
464,ammonia,drug,0.999,30124400
465,carbon,drug,0.9893,30124400
466,CO2,drug,0.6733,30124400
467,-keto acids,drug,0.772,30124400
468,ammonium,drug,0.9995,30124400
469,nitrite,drug,0.998,30124400
470,MY1(T) genome,DNA,0.5513,30124400
471,16S rRNA gene,gene,0.9907,30124400
472,16S rRNA gene,gene,0.9907,30124400
473,Nitrosopumilus,species,0.5005,30124400
474,nucleotide,drug,0.948,30124400
475,Nitrosopumilus maritimus,species,0.9453,30124400
476,Nitrosarchaeum,species,0.5444,30124400
477,MY1,cell_line,0.6543,30124400
478,methane,drug,0.9595,29887392
479,carbon,drug,0.9937,29887392
480,methane,drug,0.9976,29887392
481,methane,drug,0.9893,29887392
482,methane,drug,0.9946,29887392
483,methane,drug,0.9985,29887392
484,carbon,drug,0.8633,29887392
485,Methylomicrobium,species,0.661,29887392
486,metagenome-assembled genome (MAG,DNA,0.725,29887392
487,wino1,cell_line,0.4092,29887392
488,methane,drug,0.9854,29887392
489,carbon,drug,0.9985,29887392
490,16S rRNA,DNA,0.514,29887392
491,16S rRNA sequences,gene,0.99,29887392
492,pmoA genes,gene,0.9917,29887392
493,MAG-,cell_line,0.655,29887392
494,Methylomicrobium,species,0.7334,29887392
495,methanotrophic genes,DNA,0.811,29887392
496,MAG-wino1,DNA,0.9346,29887392
497,Methylomicrobium alcaliphilum 20Z,species,0.907,29887392
498,Methylomicrobium buryatense 5G,species,0.9062,29887392
499,ectABC,gene,0.9624,29887392
500,ask,gene,0.9805,29887392
501,mscLS,gene,0.968,29887392
502,Methane utilization genes,DNA,0.705,29887392
503,Methane,drug,0.9985,29887392
504,methanol,drug,0.9995,29887392
505,methanol dehydrogenase,gene,0.985,29887392
506,ribulose monophosphate,drug,0.9995,29887392
507,RuMP,drug,0.9995,29887392
508,wino1 genome,DNA,0.793,29887392
509,wino1,cell_line,0.619,29887392
510,"urease, urea and nitrate transporter genes",DNA,0.5664,29887392
511,urease,gene,0.994,29887392
512,urea,drug,0.9985,29887392
513,nitrate,drug,0.999,29887392
514,nitrogen,drug,0.996,29887392
515,Poly--hydroxybutyrate,drug,1.0,29887392
516,glycogen,DNA,0.695,29887392
517,Methylomicrobium sp.,species,0.891,29887392
518,methylotroph,cell_type,0.4583,29887392
519,Methyloceanibacter sp.,species,0.8545,29887392
520,Labrenzia sp,species,0.939,29887392
521,Ketobacter alkanivorans,species,0.6226,29809120
522,n-alkane,drug,0.9976,29809120
523,catalase,gene,0.9907,29809120
524,oxidase,gene,0.8228,29809120
525,NaCl,drug,0.945,29809120
526,NaCl,drug,0.987,29809120
527,16S rRNA gene sequences,gene,0.9927,29809120
528,Alcanivorax dieseloleiB,species,0.865,29809120
529,Alcanivorax marinusR8,species,0.9375,29809120
530,fatty acids,drug,0.998,29809120
531,GI5(T),cell_line,0.782,29809120
532,quinone,drug,0.6416,29809120
533,GI5(,cell_line,0.7515,29809120
534,Q-8,drug,0.8022,29809120
535,phosphatidylethanolamine,drug,0.944,29809120
536,phosphatidylglycerol,drug,0.9985,29809120
537,putative alkane hydroxylase (alkB) genes,DNA,0.687,29809120
538,alkane,drug,0.9653,29809120
539,alkane hydroxylase,gene,0.8667,29809120
540,alkB,gene,0.94,29809120
541,GI5,cell_line,0.596,29809120
542,genomic DNA,DNA,0.846,29809120
543,GI5,cell_line,0.533,29809120
544,GI5,cell_line,0.4473,29809120
545,Ketobacter alkanivorans,species,0.887,29809120
546,GI5,cell_line,0.5225,29809120
547,BR-deficient Micro-Tom,cell_line,0.8174,29723826
548,Brassinosteroids,drug,1.0,29723826
549,BRs,drug,0.9497,29723826
550,steroid,drug,1.0,29723826
551,tomato,species,0.957,29723826
552,Solanum lycopersicum,species,0.981,29723826
553,tomato,species,0.798,29723826
554,tomato,species,0.905,29723826
555,tomato,species,0.8267,29723826
556,MT,gene,,29723826
557,SlDWARF gene,DNA,0.6445,29723826
558,SlDWARF,gene,0.993,29723826
559,differentially expressed genes,DNA,0.762,29723826
560,DEGs,DNA,0.8984,29723826
561,MT plants,cell_line,0.516,29723826
562,DEGs,DNA,0.806,29723826
563,drought,disease,0.5435,29723826
564,gene sets,DNA,0.6997,29723826
565,tomato,species,0.9834,29723826
566,abiotic stress-related gene networks,DNA,0.7266,29723826
567,tomato plants,species,0.791,29723826
568,Geosporobacter ferrireducens,species,0.965,29721834
569,iron,drug,0.999,29721834
570,iron-reducing bacteria,cell_type,0.534,29721834
571,iron,drug,0.9946,29721834
572,Geosporobacter ferrireducens,species,0.969,29721834
573,sugars,drug,0.999,29721834
574,toluene,drug,0.942,29721834
575,iron,drug,0.999,29721834
576,Geosporobacter subterraneus,species,0.8735,29721834
577,alkyl succinate,drug,0.8438,29721834
578,alkyl succinate synthase-encoding genes,gene,0.996,29721834
579,IRF9,cell_line,0.4768,29721834
580,benzyl succinate synthase-encoding genes,DNA,0.815,29721834
581,benzyl succinate,drug,0.9014,29721834
582,benzyl succinate synthase-encoding genes,gene,0.997,29721834
583,Canonical genes,DNA,0.54,29721834
584,iron,drug,0.9995,29721834
585,genome,DNA,0.4695,29721834
586,IRF9,cell_line,0.697,29721834
587,DMS 17957,cell_line,0.567,29721834
588,Rnf complexes,gene,0.9585,29721834
589,H(+),drug,0.9995,29721834
590,Na,drug,,29721834
591,ATPases,gene,0.9775,29721834
592,Na(+),drug,1.0,29721834
593,Na(+)-dependent F-type ATPase,gene,0.8486,29721834
594,H(+),drug,1.0,29721834
595,H(+)-dependent V-type ATPase,gene,0.8228,29721834
596,IRF9,cell_line,0.531,29721834
597,Vibrio fischeri,species,0.957,29553704
598,Vibrio fischeri,species,0.9624,29553704
599,whole,cell_line,0.4805,29553704
600,whole live cells,cell_type,0.61,29553704
601,V. fischeri,species,0.98,29553704
602,DNA aptamer probes,DNA,0.616,29553704
603,V. fischeri,species,0.9478,29553704
604,target cells,cell_type,0.8867,29553704
605,aptamer,DNA,0.6904,29553704
606,Oncogenic N-Ras,gene,0.996,29511684
607,SRF,gene,0.9966,29511684
608,H3,gene,,29511684
609,Lysine,drug,0.8823,29511684
610,chromatin,DNA,0.8115,29511684
611,Ras proteins,gene,0.9673,29511684
612,ras genes,gene,0.9756,29511684
613,Ras protein isoforms,gene,0.9126,29511684
614,H-Ras,gene,0.9976,29511684
615,K-Ras4A,gene,0.9976,29511684
616,K-Ras4B,gene,0.997,29511684
617,N-Ras,gene,0.9976,29511684
618,Ras isoforms,gene,0.9907,29511684
619,Ras,gene,0.987,29511684
620,Ras,gene,0.995,29511684
621,oncogenic N-Ras,gene,0.9976,29511684
622,SRF,gene,0.9795,29511684
623,NF-B,gene,0.968,29511684
624,AP-1,gene,0.9795,29511684
625,N-Ras,gene,0.997,29511684
626,RGL2,gene,0.993,29511684
627,SRF target gene,gene,0.8486,29511684
628,target gene,DNA,0.6265,29511684
629,Egr1,gene,0.9756,29511684
630,JunB,gene,0.9946,29511684
631,RGL2,gene,0.996,29511684
632,Ras binding domain,gene,0.725,29511684
633,RBD,gene,0.886,29511684
634,oncogenic N-Ras,gene,0.981,29511684
635,SRE,DNA,0.8975,29511684
636,Ras isoforms,gene,0.8657,29511684
637,histone,gene,0.9463,29511684
638,oncogenic Ras-overexpressed cells,cell_line,0.926,29511684
639,oncogenic Ras,gene,0.81,29511684
640,-overexpressed cells,cell_type,0.632,29511684
641,oncogenic N-Ras,gene,0.996,29511684
642,H3K9ac,DNA,0.592,29511684
643,H3K9ac,gene,0.971,29511684
644,H3K23ac,gene,0.9824,29511684
645,chromatin,DNA,0.7764,29511684
646,H3K9ac,gene,0.989,29511684
647,promoter and coding regions,DNA,0.743,29511684
648,Egr1,gene,0.979,29511684
649,JunB,gene,0.9917,29511684
650,N-Ras,gene,0.9956,29511684
651,H3,gene,,29511684
652,Vibrio parahaemolyticus,species,0.978,29448635
653,Vibrio parahaemolyticus,species,0.966,29448635
654,V. parahaemolyticus,species,0.9834,29448635
655,V. parahaemolyticus,species,0.9697,29448635
656,VPCA-,DNA,0.854,29448635
657,VPCA-apta,gene,0.8623,29448635
658,apta#1,DNA,0.551,29448635
659,V. parahaemolyticus,species,0.9683,29448635
660,5'-biotinylated VPCA-apta#1 binding probe,DNA,0.8,29448635
661,VPCA,gene,0.961,29448635
662,apta,gene,0.593,29448635
663,V. parahaemolyticus,species,0.976,29448635
664,V. parahaemolyticus,species,0.973,29448635
665,Escherichia coli,species,0.9663,29448635
666,Listeria monocytogenes,species,0.9624,29448635
667,Sigella sonnei,species,0.9644,29448635
668,Vibrio fischeri,species,0.966,29448635
669,DNA,RNA,0.3945,29448635
670,V. parahaemolyticus,species,0.978,29448635
671,V. parahaemolyticus,species,0.976,29448635
672,Vibriosis,disease,1.0,29448635
673,Shigella sonnei,species,0.987,29442808
674,invasion plasmid antigen protein,gene,0.9165,29442808
675,IpaH,gene,0.8755,29442808
676,IpaH,gene,0.9907,29442808
677,IpaH17,gene,0.493,29442808
678,IpaH17,gene,0.9917,29442808
679,IpaH,gene,0.9946,29442808
680,IpaH17,gene,0.5166,29442808
681,S. sonnei,species,0.978,29442808
682,IpaH17,gene,0.6875,29442808
683,Shigella sonnei,species,0.9033,29442808
684,Ammonia,drug,1.0,29098760
685,N. devanaterra,species,0.7275,29098760
686,Ca,disease,,29098760
687,Nitrosotalea,cell_line,,29098760
688,Ca,drug,,29098760
689,metagenome-assembled genome,DNA,0.7773,29098760
690,Nitrosotalea genomes,DNA,0.7026,29098760
691,archaeal ammonia oxidiser genomes,DNA,0.651,29098760
692,ammonia,drug,0.9966,29098760
693,nucleotide,drug,0.9995,29098760
694,amino acid,drug,0.9995,29098760
695,Ca,drug,,29098760
696,Nitrosotalea,cell_line,0.5444,29098760
697,Ca,drug,,29098760
698,Nitrosotalea genomes,DNA,0.614,29098760
699,orthologous gene families,DNA,0.7803,29098760
700,ammonia,drug,0.9995,29098760
701,gene families,DNA,0.7236,29098760
702,laboratory culture,cell_line,0.5933,29098760
703,core gene families,DNA,0.9307,29098760
704,Ca,cell_line,0.8486,29098760
705,methanotroph,cell_type,0.482,28956349
706,soluble methane monooxygenase,gene,0.8804,28956349
707,methane,drug,0.9893,28956349
708,methane,drug,0.9795,28956349
709,carbon,drug,0.9854,28956349
710,methane,drug,0.95,28956349
711,methanotroph,cell_line,0.5137,28956349
712,EMGL16-1,cell_line,0.854,28956349
713,16S rRNA gene sequences,gene,0.8535,28956349
714,16S rRNA,RNA,0.559,28956349
715,16S rRNA gene,gene,0.8706,28956349
716,Methylomonas,cell_line,0.5903,28956349
717,EMGL16,cell_line,0.52,28956349
718,nitrogen,drug,0.996,28956349
719,nitrogen,drug,0.995,28956349
720,nitrate,drug,0.9995,28956349
721,nitrite,drug,0.9995,28956349
722,urea,drug,0.9976,28956349
723,ammonium,drug,0.9995,28956349
724,particulate form methane monooxygenase,gene,0.9897,28956349
725,form,drug,0.531,28956349
726,methane,drug,0.9707,28956349
727,pmoA,gene,0.965,28956349
728,soluble methane monooxygenase,gene,0.992,28956349
729,methane,drug,0.981,28956349
730,mmoX,gene,0.982,28956349
731,methanol,drug,0.9995,28956349
732,methanol dehydrogenase,gene,0.9824,28956349
733,mxaF,gene,0.5566,28956349
734,EMGL16-1,cell_line,0.734,28956349
735,mmoX,gene,0.8438,28956349
736,mmoX,gene,0.9175,28956349
737,EMGL16-1,cell_line,0.4973,28956349
738,Isoform,RNA,0.4373,28914759
739,Panax ginseng,species,0.913,28914759
740,Korean ginseng,species,0.563,28914759
741,Panax ginseng,species,0.927,28914759
742,ginsenosides,drug,0.9976,28914759
743,P. ginseng,species,0.936,28914759
744,P,cell_line,0.47,28914759
745,ginseng,species,0.5215,28914759
746,135,RNA,0.3906,28914759
747,assembled transcripts,RNA,0.6753,28914759
748,unigenes,DNA,0.8564,28914759
749,full-length (FL),DNA,0.5625,28914759
750,open reading frames,DNA,0.8203,28914759
751,ORFs,DNA,0.8975,28914759
752,full-length genes,DNA,0.8896,28914759
753,triterpenoid saponin,drug,0.936,28914759
754,auxin,drug,0.9727,28914759
755,cytokinin,drug,0.977,28914759
756,P. ginseng,species,0.9507,28914759
757,auxin,gene,0.7446,28914759
758,cytokinin,gene,0.987,28914759
759,auxin,drug,0.992,28914759
760,cytokinin,gene,0.9927,28914759
761,P. ginseng,species,0.933,28914759
762,Arabidopsis thaliana,species,0.981,28914759
763,alternative isoforms,RNA,0.5615,28914759
764,88 genes,DNA,0.8457,28914759
765,transposable elements,DNA,0.9395,28914759
766,TEs,DNA,0.8926,28914759
767,TEs,DNA,0.8604,28914759
768,P. ginseng,species,0.935,28914759
769,full,DNA,0.4722,28914759
770,partial,DNA,0.438,28914759
771,unigene,DNA,0.542,28914759
772,P. ginseng,species,0.926,28914759
773,Kiloniella antarctica,species,0.8667,28708058
774,16S rRNA,RNA,0.506,28708058
775,16S rRNA gene sequence,gene,0.965,28708058
776,Kiloniella spongiae,species,0.9077,28708058
777,Kiloniella litopenaei,species,0.939,28708058
778,Kiloniella laminariae,species,0.975,28708058
779,16S rRNA gene sequence,DNA,0.732,28708058
780,16S rRNA,RNA,0.566,28708058
781,16S rRNA gene,gene,0.992,28708058
782,genomic DNA,DNA,0.797,28708058
783,fatty acids,drug,0.999,28708058
784,C16:16c/C16:17c,RNA,0.43,28708058
785,NaCl,drug,0.985,28708058
786,carbohydrate,drug,0.997,28708058
787,Kiloniella antarctica,species,0.8647,28708058
788,Halomonas aestuarii,species,0.7666,28126041
789,oxidase,gene,0.9424,28126041
790,catalase,gene,0.994,28126041
791,NaCl,drug,0.9966,28126041
792,16S rRNA gene,RNA,0.5347,28126041
793,16S rRNA gene sequences,gene,0.99,28126041
794,Halomonas ventosae,species,0.8765,28126041
795,16S rRNA gene,DNA,0.6914,28126041
796,16S rRNA gene sequence,gene,0.88,28126041
797,Halomonas denitrificans,species,0.945,28126041
798,Halomonas saccharevitans,species,0.9624,28126041
799,gyrB,gene,0.9956,28126041
800,rpoD,DNA,0.697,28126041
801,rpoD,gene,0.9956,28126041
802,secA genes,gene,0.9854,28126041
803,H. ventosae,species,0.9497,28126041
804,H. denitrificans M29,species,0.878,28126041
805,quinone,drug,0.9995,28126041
806,ubiquinone Q-9,drug,0.999,28126041
807,fatty acids,drug,0.9966,28126041
808,C16:,RNA,0.4336,28126041
809,Diphosphatidylglycerol,drug,0.9995,28126041
810,phosphatidylethanolamine,drug,0.995,28126041
811,phosphatidylglycerol,drug,0.9995,28126041
812,amino,drug,0.978,28126041
813,Halomonas aestuarii,species,0.8193,28126041
814,Hb3,cell_line,0.7603,28126041
815,copper,drug,0.566,27940646
816,methane- and ammonia,cell_line,0.539,27940646
817,methane,drug,1.0,27940646
818,ammonia,drug,0.9736,27940646
819,copper,drug,0.9966,27940646
820,copper-containing membrane-bound monooxygenase,gene,0.9854,27940646
821,CuMMO,gene,0.819,27940646
822,methane,drug,0.996,27940646
823,ammonia,drug,0.9995,27940646
824,particulate methane monooxygenase,gene,0.9907,27940646
825,methane,drug,0.9873,27940646
826,PMMO,gene,0.972,27940646
827,ammonia,drug,0.9985,27940646
828,ammonia monooxygenase,gene,0.9873,27940646
829,CuMMO genes,gene,0.775,27940646
830,tagged highly degenerate primer,DNA,0.6904,27940646
831,THDP,DNA,0.7056,27940646
832,CuMMO,gene,0.9917,27940646
833,pmoA and amoA genes,DNA,0.713,27940646
834,pmoA,gene,0.985,27940646
835,amoA genes,gene,0.993,27940646
836,pMMO,gene,0.9814,27940646
837,AMO enzymes,gene,0.9766,27940646
838,ammonia,drug,0.9995,27940646
839,CuMMO family,gene,0.99,27940646
840,freshwater,DNA,0.5073,27940646
841,target gene sequences,DNA,0.6997,27940646
842,Marinobacter salinus,species,0.9536,27902222
843,Hb8T,cell_line,0.51,27902222
844,Hb20,cell_line,0.5103,27902222
845,NaCl,drug,0.986,27902222
846,16S rRNA,gene,0.946,27902222
847,Marinobacter,species,0.751,27902222
848,Marinobacter sediminumR65T,species,0.974,27902222
849,Marinobacter lipolyticus,species,0.962,27902222
850,Marinobacter salsuginis,species,0.9453,27902222
851,Marinobacter similis,species,0.967,27902222
852,16S rRNA gene,DNA,0.8623,27902222
853,16S rRNA,RNA,0.543,27902222
854,16S rRNA gene,gene,0.995,27902222
855,Hb8T,gene,0.867,27902222
856,Hb20,gene,0.6963,27902222
857,H8T,cell_line,0.7495,27902222
858,Hb20,cell_line,0.72,27902222
859,M. sediminum,species,0.9604,27902222
860,M. similis,species,0.968,27902222
861,fatty acids,drug,0.9937,27902222
862,C16:17c,RNA,0.4143,27902222
863,Ubiquinone-9,drug,0.999,27902222
864,quinone,drug,0.9854,27902222
865,diphosphatidylglycerol,drug,0.999,27902222
866,phosphatidylethanolamine,drug,0.9917,27902222
867,phosphatidylglycerol,drug,0.9995,27902222
868,genomic DNA,DNA,0.759,27902222
869,Hb8T,gene,0.9854,27902222
870,Hb20,gene,0.9785,27902222
871,Marinobacter salinus,species,0.9526,27902222
872,Hb8T,cell_line,0.683,27902222
873,Nitrite Oxidoreductase Alpha Subunit (nxrA) Gene,DNA,0.8584,27878347
874,Nitrite,drug,0.9995,27878347
875,Nitrite Oxidoreductase Alpha Subunit,gene,0.994,27878347
876,nxrA,gene,0.992,27878347
877,Nitrite-oxidizing bacteria,cell_type,0.56,27878347
878,Nitrite,drug,0.9985,27878347
879,NOB,cell_type,0.7246,27878347
880,nitrite,drug,0.9995,27878347
881,nitrate,drug,0.9995,27878347
882,Nitrospina,species,0.494,27878347
883,Nitrospina,species,0.5146,27878347
884,functional gene marker,DNA,0.7476,27878347
885,nxrA,gene,0.99,27878347
886,nitrite,drug,0.9995,27878347
887,nitrite oxidoreductase,gene,0.9683,27878347
888,Nitrospina,species,0.6016,27878347
889,nxrA-like sequences,DNA,0.7803,27878347
890,nxrA-like sequences,gene,0.9946,27878347
891,nxrA gene,gene,0.9805,27878347
892,nitrogen,drug,0.999,27878347
893,hydrophobic ammonia,cell_line,0.4663,27700018
894,ammonia,drug,0.9995,27700018
895,Nitrosocosmicus clade,species,0.6885,27700018
896,coal,drug,0.998,27700018
897,ammonia,drug,1.0,27700018
898,N,drug,0.994,27700018
899,ammonia,drug,0.522,27700018
900,coal,drug,0.999,27700018
901,Nitrosocosmicus,species,0.635,27700018
902,thaumarchaeotal group I,cell_type,0.468,27700018
903,walnut-like,cell_line,0.5586,27700018
904,13 C,drug,0.9985,27700018
905,bicarbonate,drug,0.8716,27700018
906,pruvate,drug,0.999,27700018
907,oxaloacetate,drug,0.9995,27700018
908,Î±-ketoglutarate,drug,0.9995,27700018
909,vermiculite,DNA,0.535,27700018
910,p-xylene,drug,0.999,27700018
911,Hydrogen peroxide,drug,0.9995,27339136
912,ammonia,drug,1.0,27339136
913,nitrogen,drug,0.9985,27339136
914,carbon,drug,0.9927,27339136
915,AOA,cell_line,0.6377,27339136
916,ammonia,drug,0.999,27339136
917,DDS1,cell_line,0.7153,27339136
918,ammonia,drug,0.9995,27339136
919,Thaumarchaeota strains,cell_line,0.6235,27339136
920,Ammonia,drug,0.9995,27339136
921,DDS1,cell_line,0.7607,27339136
922,pyruvate,drug,0.9995,27339136
923,oxaloacetate,drug,0.9995,27339136
924,AOA,drug,0.97,27339136
925,pyruvate,drug,0.9985,27339136
926,carbon,drug,0.995,27339136
927,carbon,drug,0.989,27339136
928,-Keto acids,drug,0.9785,27339136
929,H2O2,drug,0.999,27339136
930,-keto acids,drug,0.9434,27339136
931,H2O2,drug,0.9995,27339136
932,H2O2,drug,0.999,27339136
933,dimethylthiourea,drug,0.999,27339136
934,catalase,gene,0.9907,27339136
935,-keto acid,drug,0.9844,27339136
936,DDS1,cell_line,0.641,27339136
937,keto acids,drug,0.9595,27339136
938,AOA,disease,0.9155,27339136
939,H2O2,drug,0.9995,27339136
940,catalase genes,DNA,0.864,27339136
941,catalase genes,gene,0.9966,27339136
942,AOA,cell_line,0.5264,27339136
943,H2O2,drug,0.9995,27339136
944,AOA,cell_line,0.5356,27339136
945,Calculibacillus koreensis,species,0.558,27225457
946,anaerobic Fe,cell_line,0.56,27225457
947,Fe(III),drug,0.9995,27225457
948,B5,cell_line,0.4182,27225457
949,coal,drug,0.9985,27225457
950,non,cell_type,0.566,27225457
951,NaCl,drug,0.9985,27225457
952,phosphatidylethanolamine,drug,0.982,27225457
953,phosphatidylglycerol,drug,0.9995,27225457
954,nitrate,drug,0.999,27225457
955,nitrite,drug,0.9995,27225457
956,ferric-citrate,drug,0.9985,27225457
957,ferric-nitrilotriacetate,drug,1.0,27225457
958,sulfur,drug,0.999,27225457
959,thiosulfate,drug,0.9995,27225457
960,anthraquinone-2-sulfonate,drug,0.9956,27225457
961,carbohydrates,drug,0.9966,27225457
962,16S rRNA gene,RNA,0.5537,27225457
963,16S rRNA gene sequences,gene,0.807,27225457
964,Tepidibacillus,species,0.6875,27225457
965,T. fermentans,species,0.9253,27225457
966,Vulcanibacillus,species,0.7764,27225457
967,V. modesticaldus BR,species,0.863,27225457
968,genomic,DNA,0.541,27225457
969,genomic DNA,RNA,0.562,27225457
970,T. fermentans,species,0.965,27225457
971,V. modesticaldus BR,species,0.8623,27225457
972,B5,cell_line,0.3667,27225457
973,Calculibacillus koreensis,species,0.7563,27225457
974,Trigger,DNA,0.483,26640639
975,Trigger wrist,disease,1.0,26640639
976,trigger finger,disease,1.0,26640639
977,Patients,species,0.9653,26640639
978,trigger wrist,disease,1.0,26640639
979,median neuropathy,disease,1.0,26640639
980,trigger wrist,disease,1.0,26640639
981,anomalous muscle belly of flexor digitorum superficialis,disease,1.0,26640639
982,fibroma around,disease,0.995,26640639
983,anomalous muscle,disease,1.0,26640639
984,fibroma of flexor tendon sheath,disease,1.0,26640639
985,patients,species,0.9497,26640639
986,trigger wrist,disease,1.0,26640639
987,Rhodanobacter aciditrophus,species,0.858,26374141
988,sjH1T,cell_line,0.481,26374141
989,oxidase,gene,0.951,26374141
990,catalase,gene,0.9966,26374141
991,16S rRNA gene,RNA,0.5254,26374141
992,16S rRNA gene sequences,gene,0.9893,26374141
993,Rhodanobacter,species,0.6353,26374141
994,sjH1T,cell_line,0.4321,26374141
995,Rhodanobacter thiooxydans,species,0.932,26374141
996,16S rRNA gene,DNA,0.8477,26374141
997,16S rRNA,RNA,0.5474,26374141
998,16S rRNA gene sequence,gene,0.9307,26374141
999,Rhodanobacter denitrificans,species,0.9604,26374141
1000,Rhodanobacter soli,species,0.977,26374141
1001,Rhodanobacter caeni,species,0.958,26374141
1002,DNA,RNA,0.4866,26374141
1003,sjH1T,cell_line,0.4036,26374141
1004,sjH1T,cell_line,0.4487,26374141
1005,R. thiooxydans,species,0.9478,26374141
1006,R. denitrificans,species,0.966,26374141
1007,R. soli,species,0.9624,26374141
1008,R. caeni,species,0.961,26374141
1009,ubiquinone,drug,0.999,26374141
1010,fatty acids,drug,0.9976,26374141
1011,methyl,drug,0.7573,26374141
1012,sjH1T,cell_line,0.6562,26374141
1013,Rhodanobacter aciditrophus,species,0.865,26374141
1014,LipidGreen1,drug,0.6313,26253390
1015,Poly-3-hydroxybutyrate,drug,0.9995,26253390
1016,PHB,drug,0.9995,26253390
1017,polyhydroxyalkanoates,drug,0.9995,26253390
1018,PHA,drug,0.9995,26253390
1019,PHB,drug,0.9873,26253390
1020,Nile red,drug,0.9395,26253390
1021,BODIPY,drug,0.9937,26253390
1022,PHB,drug,0.997,26253390
1023,LipidGreen1,drug,0.8306,26253390
1024,PHB,drug,0.9927,26253390
1025,LipidGreen1,drug,0.503,26253390
1026,PHB,gene,0.987,26253390
1027,-,cell_type,0.651,26253390
1028,positive cells,cell_type,0.701,26253390
1029,LipidGreen1,drug,0.7246,26253390
1030,Nile red,drug,0.9736,26253390
1031,PHB,drug,0.996,26253390
1032,PHB,drug,0.996,26253390
1033,LipidGreen1,drug,0.659,26253390
1034,Escherichia coli cell,cell_line,0.545,26253390
1035,Escherichia coli,species,0.961,26253390
1036,PHB,drug,0.957,26253390
1037,PHB-synthase mutants,gene,0.9756,26253390
1038,PHB,drug,0.996,26253390
1039,genetically modified bacteria,cell_line,0.5474,26253390
1040,PHB,drug,0.9385,26253390
1041,Winogradskyella litoriviva,species,0.8325,26219946
1042,16S rRNA gene,RNA,0.548,26219946
1043,16S rRNA gene sequences,gene,0.9927,26219946
1044,Winogradskyella,species,0.8286,26219946
1045,Winogradskyella,species,0.8896,26219946
1046,KMM 6491T,cell_line,0.4307,26219946
1047,Winogradskyella echinorum,species,0.9775,26219946
1048,Winogradskyella damuponensis,species,0.968,26219946
1049,Winogradskyella eximia,disease,0.9995,26219946
1050,Winogradskyella,species,0.764,26219946
1051,Winogradskyella pulchriflava,disease,0.995,26219946
1052,menaquinone 6,drug,0.9995,26219946
1053,MK-6,drug,0.999,26219946
1054,iso-C17:0 3-OH,drug,0.886,26219946
1055,C15:,RNA,0.4685,26219946
1056,iso,drug,0.651,26219946
1057,fatty acids,drug,0.999,26219946
1058,KMM 6491T,cell_line,0.534,26219946
1059,phosphatidylethanolamine,drug,0.8765,26219946
1060,NaCl,drug,0.9565,26219946
1061,d-glucose,drug,0.9995,26219946
1062,maltose,drug,0.999,26219946
1063,mannose,drug,0.999,26219946
1064,rhamnose,drug,0.999,26219946
1065,sucrose,drug,0.999,26219946
1066,fructose,drug,0.9995,26219946
1067,glycerol,drug,0.9995,26219946
1068,Winogradskyella,species,0.9043,26219946
1069,Winogradskyella litoriviva,species,0.9097,26219946
1070,Halolamina rubra,species,0.716,26111849
1071,AT1002,drug,0.8477,25848218
1072,AT1002 C,mutation,,25848218
1073,C,drug,0.9995,25848218
1074,six,RNA,0.458,25848218
1075,H-FCIGRL-OH,drug,0.988,25848218
1076,AT1002,drug,0.9956,25848218
1077,AT1002,drug,0.9746,25848218
1078,AT1002,drug,0.976,25848218
1079,AT1002,drug,0.981,25848218
1080,amino acids,drug,0.997,25848218
1081,C,drug,0.999,25848218
1082,FCIGRL-NH2,drug,0.8013,25848218
1083,N,drug,0.999,25848218
1084,Ac-FCIGRL,drug,0.9375,25848218
1085,cell monolayers,cell_line,0.941,25848218
1086,mannitol,drug,0.9756,25848218
1087,Pep1,gene,0.992,25848218
1088,cell monolayers,cell_line,0.88,25848218
1089,AT1002,gene,0.8257,25848218
1090,mannitol,drug,0.9893,25848218
1091,Pep1,gene,0.9814,25848218
1092,mannitol,drug,0.9976,25848218
1093,mannitol,drug,0.999,25848218
1094,mannitol,drug,0.9995,25848218
1095,mannitol,drug,0.9995,25848218
1096,Pep2,gene,0.822,25848218
1097,Pep1,gene,0.991,25848218
1098,AT1002,drug,0.9863,25848218
1099,AT1002,drug,0.9883,25848218
1100,C,drug,0.999,25848218
1101,AT1002,drug,0.9424,25848218
1102,Leeuwenhoekiella polynyae,species,0.6626,25736409
1103,rod,cell_line,0.546,25736409
1104,16S rRNA,RNA,0.4875,25736409
1105,16S rRNA gene sequence,gene,0.985,25736409
1106,Leeuwenhoekiella,species,0.774,25736409
1107,Leeuwenhoekiella marinoflava,species,0.9526,25736409
1108,16S rRNA gene,DNA,0.817,25736409
1109,16S rRNA gene sequence,gene,0.972,25736409
1110,genomic DNA,DNA,0.739,25736409
1111,SOJ2014,cell_line,0.3887,25736409
1112,fatty acids,drug,0.999,25736409
1113,iso-C17 : 0 3-,drug,0.8506,25736409
1114,OH,drug,0.62,25736409
1115,iso,drug,0.76,25736409
1116,iso,drug,0.618,25736409
1117,L. marinoflava,species,0.976,25736409
1118,Leeuwenhoekiella aequorea,species,0.962,25736409
1119,quinone,drug,0.9766,25736409
1120,MK-6,drug,0.9946,25736409
1121,phosphatidylethanolamine,drug,0.806,25736409
1122,NaCl,drug,0.994,25736409
1123,carbohydrate,drug,0.997,25736409
1124,L. marinoflava,species,0.9736,25736409
1125,Leeuwenhoekiella polynyae,species,0.8726,25736409
1126,carboniphilus,drug,0.9756,25701849
1127,iron,drug,0.996,25701849
1128,IRF19,cell_line,0.811,25701849
1129,coal,drug,1.0,25701849
1130,IRF19(T) cells,cell_line,0.978,25701849
1131,IRF19,gene,0.9746,25701849
1132,IRF19,cell_line,0.4324,25701849
1133,NaCl,drug,0.9985,25701849
1134,yeast,species,0.9766,25701849
1135,D-glucose,drug,0.9995,25701849
1136,D-fructose,drug,0.9995,25701849
1137,D-ribose,drug,0.9995,25701849
1138,D-mannitol,drug,0.9995,25701849
1139,D-mannose,drug,0.9995,25701849
1140,L-serine,drug,0.9995,25701849
1141,L-alanine,drug,0.999,25701849
1142,L-isoleucine,drug,0.999,25701849
1143,Fe(III),drug,1.0,25701849
1144,sulfur,drug,0.998,25701849
1145,thiosulfate,drug,0.9995,25701849
1146,sulfate,drug,0.9995,25701849
1147,16S rRNA gene,RNA,0.561,25701849
1148,16S rRNA gene sequences,gene,0.9897,25701849
1149,IRF19,cell_line,0.3938,25701849
1150,Salimesophilobacter vulgaris,species,0.8423,25701849
1151,Zn2,cell_line,0.6724,25701849
1152,Geosporobacter subterraneus,species,0.8804,25701849
1153,Thermotalea,cell_line,0.6294,25701849
1154,Thermotalea metallivorans,species,0.9727,25701849
1155,fatty acids,drug,0.997,25701849
1156,IRF19,cell_line,0.4417,25701849
1157,menaquinone MK-5 (V-H2,drug,0.987,25701849
1158,diphosphatidylglycerol,drug,0.999,25701849
1159,phosphatidylethanolamine,drug,0.9956,25701849
1160,phosphatidylglycerol,drug,0.9995,25701849
1161,genomic DNA,DNA,0.827,25701849
1162,IRF19,cell_line,0.557,25701849
1163,Anaerosolibacter,species,0.8345,25701849
1164,carboniphilus,drug,0.875,25701849
1165,IRF19,cell_line,0.5435,25701849
1166,Geosporobacter ferrireducens,species,0.8257,25663026
1167,anaerobic,cell_line,0.4924,25663026
1168,iron,drug,0.9795,25663026
1169,iron,drug,0.9814,25663026
1170,IRF9,cell_line,0.7637,25663026
1171,16S rRNA gene sequences,gene,0.832,25663026
1172,IRF9,cell_line,0.4792,25663026
1173,Geosporobacter subterraneus,species,0.855,25663026
1174,IRF9,cell_line,0.499,25663026
1175,IRF9(T),cell_line,0.5537,25663026
1176,NaCl,drug,0.9995,25663026
1177,Fe(III),drug,1.0,25663026
1178,sulfate,drug,1.0,25663026
1179,thiosulfate,drug,0.9995,25663026
1180,sulfur,drug,0.9976,25663026
1181,carbohydrates,drug,1.0,25663026
1182,amino acids,drug,0.9995,25663026
1183,D-glucose,drug,0.9995,25663026
1184,D-fructose,drug,0.999,25663026
1185,D-mannitol,drug,0.9995,25663026
1186,D-ribose,drug,0.9995,25663026
1187,L-arginine,drug,0.9995,25663026
1188,fatty acids,drug,0.995,25663026
1189,IRF9,cell_line,0.5625,25663026
1190,C16,drug,0.835,25663026
1191,dimethyl acetal,drug,0.765,25663026
1192,quinone,drug,0.9956,25663026
1193,menaquinone MK-5,drug,0.996,25663026
1194,V,drug,0.5737,25663026
1195,phosphatidylethanolamine,drug,0.9844,25663026
1196,diphosphatidylglycerol,drug,0.9985,25663026
1197,phosphatidylglycerol,drug,0.9985,25663026
1198,DNA,RNA,0.533,25663026
1199,strain IRF9(T),cell_line,0.5015,25663026
1200,G,cell_line,0.5024,25663026
1201,IRF9,cell_line,0.6436,25663026
1202,Geosporobacter,species,0.7764,25663026
1203,Geosporobacter ferrireducens,species,0.9365,25663026
1204,Draconibacterium filum,species,0.744,25636945
1205,F2,cell_line,0.4285,25636945
1206,NaCl,drug,0.9956,25636945
1207,16S rRNA gene,RNA,0.565,25636945
1208,16S rRNA gene sequence,gene,0.808,25636945
1209,Draconibacterium orientale,species,0.864,25636945
1210,16S rRNA gene,gene,0.55,25636945
1211,isoprenoid quinone,drug,0.9995,25636945
1212,MK-7,drug,0.9917,25636945
1213,fatty acids,drug,0.997,25636945
1214,iso-C15,drug,0.676,25636945
1215,iso-C17,drug,0.8833,25636945
1216,iso-C16:0 3-OH,drug,0.991,25636945
1217,phosphatidylethanolamine,drug,0.9746,25636945
1218,phosphatidylinositol,drug,0.9995,25636945
1219,genomic DNA,DNA,0.6504,25636945
1220,D. orientale,species,0.973,25636945
1221,Nitrate,drug,0.9995,25636945
1222,D. orientale,species,0.972,25636945
1223,F2,cell_line,0.3882,25636945
1224,Draconibacterium,species,0.7256,25636945
1225,Draconibacterium filum,species,0.8887,25636945
1226,D. filum is,species,0.8696,25636945
1227,F2,cell_line,0.5845,25636945
1228,lava,cell_line,0.4873,25604185
1229,operational,DNA,0.5547,25604185
1230,Proteobacteria,cell_type,0.6167,25604185
1231,Bacteroidetes,cell_type,0.5356,25604185
1232,16S rRNA gene,RNA,0.558,25604185
1233,16S rRNA gene sequences,gene,0.995,25604185
1234,142 bacterial clones,cell_line,0.6216,25604185
1235,Bacilli,cell_type,0.597,25604185
1236,Planctomycetes,cell_type,0.577,25604185
1237,Actinobacteria,cell_type,0.581,25604185
1238,lava,DNA,0.5747,25604185
1239,Desulfobacula,species,0.7334,25175800
1240,sulfate,drug,0.9995,25175800
1241,Desulfobacula,cell_line,0.4963,25175800
1242,Desulfobacula toluolica,species,0.9727,25175800
1243,Flavobacterium ahnfeltiae,species,0.5894,25002135
1244,Ahnfeltia tobuchiensis,species,0.9346,25002135
1245,16S rRNA gene sequence,gene,0.9873,25002135
1246,Flavobacterium,species,0.632,25002135
1247,Flavobacterium jumunjiense,species,0.876,25002135
1248,Flavobacterium ponti,species,0.961,25002135
1249,Flavobacterium,species,0.714,25002135
1250,fatty acids,drug,0.983,25002135
1251,iso,drug,0.8774,25002135
1252,iso-C15:0 3-OH,drug,0.9,25002135
1253,iso,drug,0.793,25002135
1254,phosphatidylethanolamine,drug,0.6313,25002135
1255,DNA,RNA,0.5093,25002135
1256,Flavobacterium,species,0.4897,25002135
1257,Flavobacterium ahnfeltiae,species,0.8765,25002135
1258,swine,species,0.9663,24954845
1259,Swine,species,0.936,24954845
1260,16S rRNA gene,gene,0.871,24954845
1261,swine,species,0.9487,24954845
1262,V1-V3 regions,DNA,0.813,24954845
1263,16S rRNA gene,gene,0.832,24954845
1264,bacterial populations,cell_type,0.599,24954845
1265,Bacteroidetes,cell_type,0.565,24954845
1266,Firmicutes,cell_type,0.426,24954845
1267,Lactobacillus,species,0.7847,24954845
1268,Oscillibacter,species,0.509,24954845
1269,Roseburia,species,0.802,24954845
1270,Clostridium,species,0.7505,24954845
1271,Oscillibacter,species,0.575,24954845
1272,Roseburia,species,0.7754,24954845
1273,Roseburia,species,0.6978,24954845
1274,Clostridium,species,0.516,24954845
1275,linoleic acid,drug,0.9995,24954845
1276,short,drug,0.792,24954845
1277,fatty acids,drug,0.833,24954845
1278,swine,species,0.9746,24954845
1279,swine,species,0.979,24954845
1280,swine,species,0.953,24954845
1281,ammonia,drug,0.9995,24798206
1282,Ammonia,drug,1.0,24798206
1283,carbon,drug,0.9937,24798206
1284,nitrogen,drug,0.9976,24798206
1285,metagenomes,DNA,0.504,24798206
1286,Epsilonproteobacteria,cell_type,0.5005,24798206
1287,Gammaproteobacteria,cell_type,0.4998,24798206
1288,16S rRNA genes,gene,0.8823,24798206
1289,archaeal genomes,DNA,0.8853,24798206
1290,Ca,DNA,0.5635,24798206
1291,"""Nitrosopumilus koreensis",species,0.72,24798206
1292,AR1,DNA,0.5913,24798206
1293,"""Nitrosopumilus sediminis",species,0.747,24798206
1294,AR2,DNA,0.5845,24798206
1295,AR1,gene,0.9106,24798206
1296,AR2,gene,0.895,24798206
1297,nucleotide,drug,0.999,24798206
1298,N. maritimus,species,0.9434,24798206
1299,AR1 and AR2 genomes,DNA,0.761,24798206
1300,AR1,gene,0.6304,24798206
1301,AR2,gene,0.7954,24798206
1302,carbon,drug,0.857,24798206
1303,AOA,cell_line,0.7036,24798206
1304,heme,drug,0.9976,24798206
1305,copper,drug,0.9976,24798206
1306,AR1 and AR2 genes,DNA,0.8174,24798206
1307,AR1,gene,0.9985,24798206
1308,AR2 genes,gene,0.982,24798206
1309,genomic islands,DNA,0.832,24798206
1310,GIs,DNA,0.797,24798206
1311,AOA genomes,DNA,0.79,24798206
1312,AOA,cell_line,0.639,24798206
1313,urea,drug,0.991,24798206
1314,AR2 genome,DNA,0.8755,24798206
1315,AR1 genome,DNA,0.874,24798206
1316,marine AOA,cell_line,0.4353,24798206
1317,Co,DNA,0.507,24798206
1318,sulfur,drug,0.999,24798206
1319,nitrogen,drug,0.998,24798206
1320,AOA,cell_line,0.3608,24798206
1321,ammonia,drug,0.999,24705324
1322,nitrate,drug,0.9854,24705324
1323,ammonia,drug,1.0,24705324
1324,ammonia,drug,0.9995,24705324
1325,chemolithoautotrophic,cell_line,0.5723,24705324
1326,ammonia,drug,0.9995,24705324
1327,nonmarine thaumarchaeal group I,cell_line,0.681,24705324
1328,MY2,cell_line,0.4272,24705324
1329,16S rRNA gene,RNA,0.63,24705324
1330,16S rRNA gene sequence,gene,0.9883,24705324
1331,Nitrosopumilus maritimus,species,0.948,24705324
1332,nitrite,drug,0.9995,24705324
1333,ammonia,drug,0.9995,24705324
1334,ammonia,drug,0.9995,24705324
1335,ammonia,drug,0.9995,24705324
1336,N. maritimus,species,0.969,24705324
1337,Nitrosoarchaeum koreensis,species,0.7354,24705324
1338,genes,DNA,0.6655,24705324
1339,ammonia,drug,0.9995,24705324
1340,carbon,drug,0.9873,24705324
1341,thaumarchaeal group I,cell_line,0.4814,24705324
1342,orthologous genes,DNA,0.881,24705324
1343,noncore genome,DNA,0.717,24705324
1344,strain MY2,cell_line,0.6226,24705324
1345,Candidatus Nitrosotenuis chungbukensis,species,0.6875,24705324
1346,ammonia,drug,0.999,24705324
1347,archaeal strain MY2,cell_line,0.653,24705324
1348,Halapricum salinum,species,0.8286,24677144
1349,halophilic,cell_line,0.632,24677144
1350,CBA1105,cell_line,0.7065,24677144
1351,solar salt,drug,0.6196,24677144
1352,CBA1105,cell_line,0.4873,24677144
1353,16S rRNA,RNA,0.6094,24677144
1354,16S rRNA genes,gene,0.9937,24677144
1355,rrnA,DNA,0.907,24677144
1356,rrnA,gene,0.9624,24677144
1357,rrnB,gene,0.9673,24677144
1358,rrnC,DNA,0.901,24677144
1359,rrnC,gene,0.963,24677144
1360,16S rRNA gene,RNA,0.6167,24677144
1361,16S rRNA gene sequences,gene,0.924,24677144
1362,16S rRNA gene sequences,DNA,0.8374,24677144
1363,16S rRNA gene,RNA,0.568,24677144
1364,16S rRNA gene sequences,gene,0.995,24677144
1365,Halorhabdus,species,0.559,24677144
1366,Halorhabdus,species,0.566,24677144
1367,Halorientalis,species,0.587,24677144
1368,NaCl,drug,0.9966,24677144
1369,MgCl26H2O,drug,0.998,24677144
1370,"Tweens 20,",drug,0.789,24677144
1371,casein,gene,0.9297,24677144
1372,nitrate,drug,0.998,24677144
1373,indole,drug,0.9985,24677144
1374,urease,gene,0.9946,24677144
1375,L-glutamate,drug,0.9995,24677144
1376,D-glucose,drug,0.9995,24677144
1377,L-maltose,drug,0.9995,24677144
1378,D-mannose,drug,0.9995,24677144
1379,sucrose,drug,0.999,24677144
1380,carbon,drug,0.997,24677144
1381,phosphatidylglycerol,drug,0.9995,24677144
1382,phosphatidylglycerol phosphate methyl ester,drug,0.9995,24677144
1383,CBA1105,cell_line,0.5693,24677144
1384,Halapricum salinum,species,0.9146,24677144
1385,CBA1105,cell_line,0.8164,24677144
1386,Halolamina rubra,species,0.7935,24633912
1387,CBA1107,cell_line,0.6514,24633912
1388,CBA1108,cell_line,0.6963,24633912
1389,CBA1107,cell_line,0.4446,24633912
1390,CBA1108,cell_line,0.583,24633912
1391,16S rRNA,RNA,0.5283,24633912
1392,16S rRNA gene sequences,gene,0.9795,24633912
1393,Halolamina pelagica,species,0.7925,24633912
1394,Halolamina salina,species,0.893,24633912
1395,Halolamina salifodinae,species,0.8994,24633912
1396,rpoB&#39; gene sequences,DNA,0.727,24633912
1397,rpoB&#39; gene sequences,gene,0.9844,24633912
1398,NaCl,drug,0.838,24633912
1399,Mg(2+),drug,0.9995,24633912
1400,CBA1108,cell_line,0.6416,24633912
1401,H. pelagica,species,0.9727,24633912
1402,H. salina,species,0.963,24633912
1403,H. salifodinae,species,0.961,24633912
1404,genomic DNA,DNA,0.6006,24633912
1405,CBA1107(,cell_line,0.4993,24633912
1406,phosphatidylglycerol,drug,0.9995,24633912
1407,phosphatidylglycerol phosphate methyl ester,drug,0.9995,24633912
1408,phosphatidylglycerol sulfate,drug,0.999,24633912
1409,sulfated mannosyl glucosyl diether,drug,0.999,24633912
1410,mannosyl glucosyl diether,drug,0.9995,24633912
1411,Halolamina rubra,species,0.7017,24633912
1412,CBA1107,cell_line,0.658,24633912
1413,CECT 8421,cell_line,0.757,24633912
1414,uncultivated nitrate-reducing member,cell_line,0.7256,24632261
1415,nitrate,drug,0.997,24632261
1416,Herminiimonas,species,0.782,24632261
1417,toluene,drug,0.915,24632261
1418,Herminiimonas,species,0.7524,24632261
1419,denitrifying microcosm,cell_line,0.7085,24632261
1420,[(13)C]toluene,drug,0.9995,24632261
1421,toluene,drug,0.957,24632261
1422,heavy DNA fraction,DNA,0.6465,24632261
1423,heavy,RNA,0.5005,24632261
1424,contigs,DNA,0.5674,24632261
1425,aromatic hydrocarbon,drug,0.9995,24632261
1426,toluene,drug,0.9995,24632261
1427,benzoate,drug,0.9995,24632261
1428,p-cresol,drug,0.9995,24632261
1429,4-hydroxybenzoate,drug,0.9995,24632261
1430,phenylacetate,drug,0.9985,24632261
1431,cyclohexane carboxylate,drug,0.9995,24632261
1432,hydrocarbon,drug,0.9995,24632261
1433,Betaproteobacteria,cell_type,0.3496,24632261
1434,benzoate,drug,0.991,24632261
1435,benzoate oxidation gene cluster,gene,0.9897,24632261
1436,BOX,DNA,0.664,24632261
1437,BOX,gene,0.994,24632261
1438,benzoate,drug,0.9956,24632261
1439,benzoyl coenzyme A,drug,0.9424,24632261
1440,putative genes,DNA,0.5166,24632261
1441,aromatic hydrocarbon,drug,0.9995,24632261
1442,Aromatoleum aromaticum,species,0.952,24632261
1443,mobile genetic elements,DNA,0.8413,24632261
1444,catabolic genes,DNA,0.595,24632261
1445,Herminiimonas,cell_line,0.5845,24632261
1446,Herminiimonas,species,0.721,24632261
1447,Halobellus rufus,species,0.8647,24609529
1448,CBA1103,cell_line,0.4968,24609529
1449,CBA1103,cell_line,0.4592,24609529
1450,CBA1103,cell_line,0.4397,24609529
1451,NaCl,drug,0.9927,24609529
1452,MgSO47H2O,drug,0.9995,24609529
1453,phosphatidylglycerol,drug,0.9995,24609529
1454,phosphatidylglycerol phosphate methyl ester,drug,0.9995,24609529
1455,phosphatidylglycerol sulfate,drug,0.999,24609529
1456,sulfated mannosyl glucosyl diether,drug,0.9995,24609529
1457,manosyl glucosyl diether,drug,0.999,24609529
1458,16S rRNA gene,RNA,0.5776,24609529
1459,16S rRNA gene sequence,gene,0.983,24609529
1460,Halobellus rarus,species,0.805,24609529
1461,Hbs. limi,gene,0.972,24609529
1462,Hbs. litoreus,gene,0.9604,24609529
1463,Hbs. inordinatus,gene,0.9424,24609529
1464,Hbs. clavatus,gene,0.9478,24609529
1465,Hbs. salinus,gene,0.942,24609529
1466,RNA polymerase subunit B gene,DNA,0.772,24609529
1467,RNA polymerase subunit B gene sequence,gene,0.97,24609529
1468,Hbs. litoreus,species,0.975,24609529
1469,genomic DNA,DNA,0.699,24609529
1470,CBA1103,cell_line,0.415,24609529
1471,genomic DNA,DNA,0.537,24609529
1472,Halobellus rufus,species,0.9,24609529
1473,CBA1103,cell_line,0.7812,24609529
1474,CECT 8423,cell_line,0.743,24609529
1475,Halorubrum halophilum,species,0.903,24442192
1476,red,cell_line,0.5703,24442192
1477,red-pigmented,cell_type,0.506,24442192
1478,pleomorphic,cell_type,0.354,24442192
1479,NaCl,drug,0.9976,24442192
1480,NaCl,drug,0.9727,24442192
1481,nitrate,drug,0.999,24442192
1482,L-arginine,drug,0.9995,24442192
1483,dimethyl sulfoxide,drug,0.9995,24442192
1484,trimethylamine N-oxide,drug,1.0,24442192
1485,catalase,gene,0.9907,24442192
1486,oxidase,gene,0.758,24442192
1487,nitrate,drug,0.999,24442192
1488,"Tween 20, 40 and 80",drug,0.959,24442192
1489,casein,gene,0.9707,24442192
1490,Indole,drug,0.999,24442192
1491,H2S,drug,1.0,24442192
1492,urease,gene,0.9883,24442192
1493,16S rRNA gene,RNA,0.573,24442192
1494,16S rRNA gene sequences,gene,0.992,24442192
1495,Halorubrum,species,0.542,24442192
1496,16S rRNA,RNA,0.64,24442192
1497,16S rRNA genes,gene,0.9927,24442192
1498,rrnA,gene,0.964,24442192
1499,rrnB,gene,0.967,24442192
1500,rrnC,gene,0.965,24442192
1501,16S rRNA gene,DNA,0.8247,24442192
1502,16S rRNA gene sequences,gene,0.926,24442192
1503,16S rRNA gene,DNA,0.796,24442192
1504,16S rRNA gene sequence,gene,0.93,24442192
1505,Halorubrum (Hrr.) lipolyticum,species,0.912,24442192
1506,Hrr,gene,0.9717,24442192
1507,Hrr.,gene,0.9805,24442192
1508,Hrr,gene,0.5835,24442192
1509,Hrr. arcis,species,0.7075,24442192
1510,Hrr,gene,0.6636,24442192
1511,Hrr. aidingense,species,0.754,24442192
1512,Hrr. aquaticum,species,0.9575,24442192
1513,Halorubrum,species,0.728,24442192
1514,RNA polymerase subunit B,gene,0.9917,24442192
1515,subunit B,DNA,0.9062,24442192
1516,Hrr. kocurii,species,0.9673,24442192
1517,Halorubrum,species,0.6797,24442192
1518,Halorubrum,species,0.613,24442192
1519,genomic DNA,RNA,0.575,24442192
1520,isoprenoid quinone,drug,0.9985,24442192
1521,menaquinone-8,drug,1.0,24442192
1522,phosphatidylglycerol,drug,0.9995,24442192
1523,phosphatidylglycerol phosphate methyl ester,drug,0.9995,24442192
1524,phosphatidylglycerol sulfate,drug,0.9204,24442192
1525,sulfated mannosyl glucosyl diether,drug,0.9995,24442192
1526,Halorubrum,species,0.6577,24442192
1527,B8,cell_line,,24442192
1528,CECT,cell_line,0.7393,24442192
1529,N2O,drug,0.9995,24225887
1530,ammonia,drug,0.4333,24225887
1531,N2O,drug,1.0,24225887
1532,ozone,drug,0.997,24225887
1533,N2O,drug,0.9995,24225887
1534,nitrogen,drug,0.998,24225887
1535,Ammonia,drug,1.0,24225887
1536,AOA,cell_line,0.4648,24225887
1537,ammonia,drug,0.9985,24225887
1538,N2O,drug,0.9995,24225887
1539,N2O,drug,1.0,24225887
1540,AOA strains,cell_line,0.769,24225887
1541,N2O,drug,1.0,24225887
1542,ammonia,drug,0.4463,24225887
1543,AOB,cell_type,0.5513,24225887
1544,(15)N,drug,0.9995,24225887
1545,(18)O,drug,0.9995,24225887
1546,N2O,drug,0.999,24225887
1547,soil AOA strains,cell_line,0.517,24225887
1548,(15)N,drug,0.9995,24225887
1549,NH4(+),drug,0.938,24225887
1550,N2O,drug,0.9995,24225887
1551,ammonia,drug,0.9995,24225887
1552,N2O,drug,0.9995,24225887
1553,AOA,DNA,0.485,24225887
1554,N2O,drug,0.9995,24225887
1555,acidophilic strain,cell_line,0.643,24225887
1556,CS,cell_line,0.394,24225887
1557,nitrifier,DNA,0.6133,24225887
1558,nitrite,drug,0.995,24225887
1559,N2O,drug,1.0,24225887
1560,AOA,DNA,0.4397,24225887
1561,AOB,cell_line,0.535,24225887
1562,AOB,cell_line,0.4893,24225887
1563,N2O,drug,0.9995,24225887
1564,Halococcus sediminicola,species,0.8823,24132728
1565,red,cell_line,0.6353,24132728
1566,red-pigmented,cell_type,0.487,24132728
1567,CBA1101,cell_line,0.3936,24132728
1568,16S rRNA gene sequences,gene,0.9897,24132728
1569,16S rRNA gene,DNA,0.8345,24132728
1570,16S rRNA gene sequence,gene,0.952,24132728
1571,Halococcus dombrowskii,species,0.9443,24132728
1572,RNA polymerase subunit B&,gene,0.992,24132728
1573,subunit B,DNA,0.771,24132728
1574,CBA1101,cell_line,0.4617,24132728
1575,Halococcus qingdaonensis,species,0.931,24132728
1576,CBA1101,cell_line,0.405,24132728
1577,15-,drug,0.7773,24132728
1578,NaCl,drug,0.9995,24132728
1579,NaCl,drug,0.999,24132728
1580,CBA1101,cell_line,0.4988,24132728
1581,phosphatidylglyerol,drug,0.999,24132728
1582,phosphatidylglycerol phosphate methyl ester,drug,0.9995,24132728
1583,sulfated diglycosyl diether,drug,0.9995,24132728
1584,genomic DNA,DNA,0.38,24132728
1585,Halococcus,species,0.4775,24132728
1586,Halococcus sediminicola,species,0.916,24132728
1587,CBA1101,cell_line,0.8315,24132728
1588,CECT,cell_line,0.744,24132728
1589,"toluene-degrading, iron-reducing bacteria",cell_line,0.618,24118987
1590,toluene,drug,0.9995,24118987
1591,iron,drug,0.9995,24118987
1592,iron,drug,0.5107,24118987
1593,aromatic hydrocarbon,drug,0.999,24118987
1594,(13) C,drug,0.9995,24118987
1595,toluene,drug,0.6235,24118987
1596,Fe(III),drug,1.0,24118987
1597,NTA,drug,0.9634,24118987
1598,(13) C,drug,0.9995,24118987
1599,CO2,drug,0.9966,24118987
1600,Desulfuromonas,species,0.776,24118987
1601,TF genome,DNA,0.7905,24118987
1602,gene clusters,DNA,0.838,24118987
1603,toluene,drug,0.9897,24118987
1604,benzoate,drug,0.997,24118987
1605,class II-type benzoyl-CoA reductase,gene,0.9824,24118987
1606,benzoyl-CoA,drug,0.998,24118987
1607,Bam,gene,0.921,24118987
1608,class I,gene,0.5234,24118987
1609,Bcr,gene,0.9453,24118987
1610,iron,drug,1.0,24118987
1611,nitrate,drug,1.0,24118987
1612,ammonia,drug,0.9985,24118987
1613,sulfur,drug,1.0,24118987
1614,fumarate,drug,0.9995,24118987
1615,terminal oxidases,gene,0.963,24118987
1616,caa3,gene,0.9873,24118987
1617,cbb3,gene,0.4983,24118987
1618,bd,gene,0.9893,24118987
1619,TF genome,DNA,0.719,24118987
1620,planktonic Bacteria,cell_type,0.542,24112809
1621,phytoplankton,cell_type,0.45,24112809
1622,Phaeocystis spp,species,0.6504,24112809
1623,diatoms,cell_type,0.4663,24112809
1624,Pelagibacter,DNA,0.426,24112809
1625,prokaryotic assemblages,cell_type,0.5757,24112809
1626,psychrophilic prokaryotes,cell_type,0.4824,24112809
1627,latitude,DNA,0.671,24112809
1628,Desulfotomaculum tongense,species,0.693,24078017
1629,sulfate,drug,0.3992,24078017
1630,sulfate,drug,0.9985,24078017
1631,TGB60-1T,cell_line,0.5215,24078017
1632,slightly,cell_line,0.491,24078017
1633,rod-shaped cells,cell_type,0.553,24078017
1634,TGB60-1T,cell_line,0.4875,24078017
1635,NaCl,drug,0.9946,24078017
1636,sulfate,drug,0.9995,24078017
1637,sulfite,drug,0.9995,24078017
1638,thiosulfate,drug,0.9995,24078017
1639,TGB60-1T,cell_line,0.4875,24078017
1640,pyruvate,drug,0.9785,24078017
1641,H2,drug,0.996,24078017
1642,Desulfotomaculum,species,0.6055,24078017
1643,Desulfotomaculum halophilum,species,0.9473,24078017
1644,SEBR 3139T,cell_line,0.5063,24078017
1645,Desulfotomaculum alkaliphilum,species,0.905,24078017
1646,Desulfotomaculum peckii,species,0.9336,24078017
1647,16S rRNA gene,gene,0.596,24078017
1648,fatty acids,drug,0.998,24078017
1649,genomic DNA,DNA,0.8315,24078017
1650,TGB60,cell_line,0.4495,24078017
1651,Desulfotomaculum,species,0.715,24078017
1652,Desulfotomaculum tongense,species,0.884,24078017
1653,D. tongense,species,0.9634,24078017
1654,Methanol,drug,0.996,24009873
1655,Adansonia digitata L,species,0.9404,24009873
1656,Pro-Inflammatory iNOS,gene,0.984,24009873
1657,polyphenol,drug,0.998,24009873
1658,NO,drug,,24009873
1659,Raw264,cell_line,0.9443,24009873
1660,polyphenol,drug,0.9937,24009873
1661,NO,drug,,24009873
1662,methanol,drug,0.995,24009873
1663,Adansonia digitata,species,0.797,24009873
1664,"1,1-diphenyl-2-picrylhydrazyl",drug,0.9995,24009873
1665,DPPH,drug,0.9995,24009873
1666,oxygen,drug,1.0,24009873
1667,nitric oxide,drug,0.999,24009873
1668,nitric oxide synthase,gene,0.9688,24009873
1669,iNOS,gene,0.995,24009873
1670,RAW264,cell_line,0.8174,24009873
1671,MEAD,drug,0.993,24009873
1672,vitamin C,drug,0.999,24009873
1673,peroxyl,drug,0.9883,24009873
1674,DPPH,drug,0.9985,24009873
1675,iNOS,gene,0.978,24009873
1676,LPS-stimulated Raw264,cell_line,0.871,24009873
1677,-,cell_type,0.6343,24009873
1678,stimulated Raw264,cell_type,0.4338,24009873
1679,iNOS,gene,0.9883,24009873
1680,nuclear factor kappa B,gene,0.955,24009873
1681,NF-B,gene,0.987,24009873
1682,MEAD,drug,0.992,24009873
1683,IB,gene,,24009873
1684,NF-B,gene,0.9917,24009873
1685,LPS,cell_line,0.5537,24009873
1686,RAW264,cell_type,0.4673,24009873
1687,MTT,drug,0.9995,24009873
1688,MEAD,drug,0.961,24009873
1689,iNOS,gene,0.632,24009873
1690,NF-B,gene,0.985,24009873
1691,Methanomethylovorans uponensis,species,0.842,24000091
1692,methylotrophic methanogen,cell_line,0.4978,24000091
1693,EK1,cell_line,0.4043,24000091
1694,Methanomethylovorans,species,0.8564,24000091
1695,16S rRNA,gene,0.659,24000091
1696,methyl,drug,0.9985,24000091
1697,methyl-coenzyme,gene,0.7266,24000091
1698,M reductase alpha-subunit gene,gene,0.9863,24000091
1699,Methanomethylovorans hollandica,species,0.978,24000091
1700,EK1,cell_line,0.4543,24000091
1701,sodium dodecyl sulfate,drug,0.999,24000091
1702,Methanol,drug,0.9995,24000091
1703,"mono-, di- and trimethylamine",drug,0.9995,24000091
1704,dimethyl sulfide,drug,0.9995,24000091
1705,methanethiol,drug,0.9995,24000091
1706,H2,drug,1.0,24000091
1707,CO2,drug,0.9995,24000091
1708,formate,drug,0.999,24000091
1709,2-propanol,drug,0.9995,24000091
1710,acetate,drug,0.9995,24000091
1711,NaCl,drug,0.998,24000091
1712,methane,drug,0.9985,24000091
1713,H2,drug,1.0,24000091
1714,CO2,drug,0.9995,24000091
1715,methane,drug,0.998,24000091
1716,acetate,drug,0.9995,24000091
1717,formate,drug,0.9995,24000091
1718,2-propanol,drug,0.8467,24000091
1719,CO,drug,1.0,24000091
1720,CO2,drug,0.9995,24000091
1721,N2,drug,0.9995,24000091
1722,methane,drug,0.997,24000091
1723,CoCl2,drug,0.9995,24000091
1724,FeCl2,drug,0.9985,24000091
1725,yeast,species,0.989,24000091
1726,EK1,cell_line,0.6685,24000091
1727,Methanomethylovorans,species,0.822,24000091
1728,DNA,RNA,0.4807,24000091
1729,EK1,cell_line,0.5454,24000091
1730,EK1,cell_line,0.421,24000091
1731,Methanomethylovorans,species,0.852,24000091
1732,Methanomethylovorans uponensis,species,0.909,24000091
1733,EK1,cell_line,0.718,24000091
1734,Natronomonas gomsonensis,species,0.6606,23851717
1735,halophilic,cell_line,0.597,23851717
1736,pigmented colonies,cell_line,0.699,23851717
1737,NaCl,drug,0.9824,23851717
1738,NaCl,drug,0.999,23851717
1739,MgCl2,drug,0.9995,23851717
1740,phosphatidylglycerol,drug,0.9995,23851717
1741,phosphatidylglycerol phosphate methyl ester,drug,0.9995,23851717
1742,16S rRNA gene sequences,gene,0.8394,23851717
1743,Natronomonas moolapensis,species,0.872,23851717
1744,Natronomonas pharaonis,species,0.9424,23851717
1745,genomic,DNA,0.5234,23851717
1746,genomic DNA,RNA,0.582,23851717
1747,N. moolapensis,species,0.873,23851717
1748,N. pharaonis,species,0.949,23851717
1749,N. moolapensis,species,0.9375,23851717
1750,N. pharaonis,species,0.9727,23851717
1751,Natronomonas gomsonensis,species,0.684,23851717
1752,patients,species,0.989,23664747
1753,patient,species,0.992,23664747
1754,Pritchard ERS,disease,0.997,23664747
1755,TEA,disease,0.7246,23664747
1756,patients,species,0.9917,23664747
1757,TEA,DNA,0.5273,23664747
1758,TEA,DNA,0.4832,23664747
1759,Tert-butylhydroquinone,drug,0.9995,23585332
1760,C57BL,cell_line,0.488,23585332
1761,mice,species,0.892,23585332
1762,tert-Butylhydroquinone,drug,0.9995,23585332
1763,tBHQ,drug,0.999,23585332
1764,tBHQ,drug,0.999,23585332
1765,tBHQ,drug,0.999,23585332
1766,C57BL/6,cell_line,0.6323,23585332
1767,mice,species,0.8965,23585332
1768,tBHQ,drug,0.999,23585332
1769,db/db,gene,0.7676,23585332
1770,mice,species,0.9473,23585332
1771,adipocytes,cell_type,0.787,23585332
1772,tBHQ,drug,0.9985,23585332
1773,C57BL,cell_line,0.4937,23585332
1774,mice,species,0.8867,23585332
1775,tBHQ,drug,0.998,23585332
1776,triglyceride,drug,0.9976,23585332
1777,cholesterol,drug,0.999,23585332
1778,ACOX1,gene,0.909,23585332
1779,tBHQ,drug,0.999,23585332
1780,tBHQ,drug,0.9976,23585332
1781,mice,species,0.9775,23585332
1782,ACOX1 gene,gene,0.556,23585332
1783,Marinoscillum luteum,species,0.9746,23543501
1784,SJP7,cell_line,0.558,23543501
1785,16S rRNA gene,RNA,0.602,23543501
1786,16S rRNA gene sequence,gene,0.9673,23543501
1787,Marinoscillum pacificum,species,0.9785,23543501
1788,Marinoscillum pacificum,species,0.958,23543501
1789,Marinoscillum furvescens,species,0.9673,23543501
1790,Cytophagaceae,cell_type,0.426,23543501
1791,SJP7,cell_line,0.4915,23543501
1792,NaCl,drug,0.9937,23543501
1793,quinone,drug,0.974,23543501
1794,MK-7,drug,0.991,23543501
1795,fatty acids,drug,0.9976,23543501
1796,C,RNA,0.4158,23543501
1797,DNA,RNA,0.4805,23543501
1798,SJP7,cell_line,0.5073,23543501
1799,Marinoscillum,species,0.838,23543501
1800,SJP7,cell_line,0.4702,23543501
1801,Marinoscillum,species,0.7544,23543501
1802,SJP7,cell_line,0.4626,23543501
1803,Marinoscillum,species,0.8296,23543501
1804,Marinoscillum luteum,species,0.9688,23543501
1805,SJP7,cell_line,0.7847,23543501
1806,Litorimonas cladophorae,species,0.715,23525880
1807,Cladophora stimpsoni,species,0.9243,23525880
1808,Litorimonas,species,0.673,23525880
1809,Litorimonas taeaensis,species,0.7334,23525880
1810,Cladophora stimpsoni,species,0.912,23525880
1811,16S rRNA gene,gene,0.8486,23525880
1812,Litorimonas,species,0.632,23525880
1813,Litorimonas taeanensis,species,0.911,23525880
1814,16S rRNA gene,gene,0.4905,23525880
1815,NaCl,drug,0.9653,23525880
1816,Tween 80,drug,0.9824,23525880
1817,DNA,RNA,0.4617,23525880
1818,fatty acids,drug,0.996,23525880
1819,phosphatidylglycerol,drug,0.9995,23525880
1820,monoglycosyldiglyceride,drug,0.991,23525880
1821,glucuronopyranosyldiglyceride,drug,0.5083,23525880
1822,quinone,drug,0.993,23525880
1823,Q-10,drug,0.8145,23525880
1824,L. taeanensis,species,0.98,23525880
1825,Litorimonas,species,0.527,23525880
1826,Litorimonas cladophorae,species,0.8423,23525880
1827,Litorimonas,species,0.766,23525880
1828,L. taeaensis,species,0.88,23525880
1829,Winogradskyella pulchriflava,species,0.909,23416570
1830,16S rRNA,RNA,0.5376,23416570
1831,16S rRNA gene sequence,gene,0.9707,23416570
1832,Winogradskyella echinorum,species,0.972,23416570
1833,Winogradskyella ulvae,species,0.971,23416570
1834,16S rRNA gene,DNA,0.7974,23416570
1835,16S rRNA gene sequence,gene,0.87,23416570
1836,genomic DNA,DNA,0.774,23416570
1837,menaquinone-,drug,0.9976,23416570
1838,EM106(T),cell_line,0.785,23416570
1839,phosphatidylethanolamine,drug,0.73,23416570
1840,W. echinorum,species,0.977,23416570
1841,W,cell_line,0.5894,23416570
1842,iso-C16,drug,0.661,23416570
1843,fatty acids,drug,0.999,23416570
1844,NaCl,drug,0.9995,23416570
1845,NaCl,drug,0.9985,23416570
1846,W. echinorum,species,0.986,23416570
1847,nitrate,drug,0.999,23416570
1848,nitrate reductase,gene,0.9688,23416570
1849,Winogradskyella pulchriflava,species,0.9272,23416570
1850,EM106,cell_line,0.644,23416570
1851,Hoeflea halophila,species,0.8403,23314912
1852,NaCl,drug,0.9673,23314912
1853,Î±-galactosidase,gene,0.996,23314912
1854,16S rRNA,RNA,0.535,23314912
1855,16S rRNA gene sequence,gene,0.806,23314912
1856,Hoeflea alexandrii,species,0.7866,23314912
1857,DFL-43,cell_line,0.4895,23314912
1858,Hoeflea marina,species,0.9556,23314912
1859,16S rRNA,gene,0.673,23314912
1860,gene,DNA,0.4856,23314912
1861,fatty acid,drug,0.9995,23314912
1862,ubiquinone,drug,0.999,23314912
1863,Q-10,drug,0.903,23314912
1864,phosphatidylglycerol,drug,0.9995,23314912
1865,phosphatidylethanolamine,drug,0.989,23314912
1866,sulfoquinovosyl diacylglycerol,drug,0.9995,23314912
1867,phosphatidylcholine,drug,0.9995,23314912
1868,phosphatidylmonomethylethanolamine,drug,0.9873,23314912
1869,genomic DNA,DNA,0.8027,23314912
1870,JG120-1,cell_line,0.5464,23314912
1871,H. phototrophica,species,0.9766,23314912
1872,DFL-43,cell_line,0.58,23314912
1873,H. marina,species,0.972,23314912
1874,H. alexandrii,species,0.9634,23314912
1875,JG120-1,cell_line,0.519,23314912
1876,Hoeflea halophila,species,0.836,23314912
1877,ammonia,drug,0.999,23209211
1878,Ammonia,drug,1.0,23209211
1879,ammonia,drug,0.9995,23209211
1880,ammonia,drug,0.999,23209211
1881,genes,DNA,0.5796,23209211
1882,ammonia,drug,0.9985,23209211
1883,carbon,drug,0.944,23209211
1884,AR2 genome sequence,DNA,0.8867,23209211
1885,AOA,cell_line,0.834,23209211
1886,urea,drug,0.9917,23209211
1887,ammonia,drug,0.999,23209206
1888,Ammonia,drug,1.0,23209206
1889,nitrogen,drug,0.9985,23209206
1890,carbon,drug,0.998,23209206
1891,ammonia,drug,0.999,23209206
1892,ammonia-oxidizing enrichment culture,cell_line,0.8823,23209206
1893,ammonia,drug,0.4932,23209206
1894,core genes,DNA,0.8584,23209206
1895,ammonia,drug,0.999,23209206
1896,carbon,drug,0.9854,23209206
1897,fosmid,cell_line,0.658,22923120
1898,swine,species,0.989,22923120
1899,fosmid clone DNAs,DNA,0.905,22923120
1900,swine,species,0.9697,22923120
1901,target,DNA,0.537,22923120
1902,genomic fragments,DNA,0.7954,22923120
1903,genomic DNA,DNA,0.8916,22923120
1904,bacterial cells,cell_type,0.734,22923120
1905,background DNA,DNA,0.594,22923120
1906,target DNA,DNA,0.543,22923120
1907,swine fecal metagenomes,DNA,0.5215,22923120
1908,swine,species,0.978,22923120
1909,swine,species,0.979,22923120
1910,swine,species,0.954,22923120
1911,glycerol dibiphytanyl glycerol tetraether,drug,1.0,22820324
1912,glycerol dibiphytanyl glycerol tetraether,drug,0.9995,22820324
1913,GDGT,drug,0.996,22820324
1914,nitrogen,drug,0.995,22820324
1915,ammonium,drug,0.999,22820324
1916,GDGTs,RNA,0.455,22820324
1917,intact polar lipid,RNA,0.4485,22820324
1918,IPL,RNA,0.4753,22820324
1919,GDGTs,drug,0.9014,22820324
1920,Nitrososphaera viennensis,species,0.826,22820324
1921,"""Candidatus Nitrosoarchaeum koreensis",species,0.823,22820324
1922,crenarchaeol,drug,0.9966,22820324
1923,crenarchaeol,drug,0.9995,22820324
1924,crenarchaeol regioisomer,RNA,0.5254,22820324
1925,crenarchaeol,drug,0.956,22820324
1926,GDGTs,drug,0.995,22820324
1927,cyclopentane,drug,0.997,22820324
1928,GDGTs,drug,0.99,22820324
1929,hydroxyl,drug,0.9937,22820324
1930,monohexose,drug,0.9995,22820324
1931,dihexose,drug,0.9995,22820324
1932,trihexose,drug,0.9995,22820324
1933,phosphohexose,drug,0.999,22820324
1934,hexose,drug,0.9995,22820324
1935,phosphohexose,drug,0.7583,22820324
1936,hexose,drug,1.0,22820324
1937,phosphohexose,drug,0.992,22820324
1938,crenarchaeol,drug,0.9736,22820324
1939,thaumarchaeota,cell_type,0.4734,22820324
1940,sulfur-oxidizing bacterium,cell_type,0.512,22815446
1941,sulfur,drug,0.999,22815446
1942,Sulfur,drug,1.0,22815446
1943,sulfide,drug,0.9985,22815446
1944,sulfur,drug,0.9995,22815446
1945,sulfur,drug,0.999,22815446
1946,enrichment culture,cell_line,0.7627,22815446
1947,sulfur,drug,0.9995,22815446
1948,carbon,drug,0.995,22815446
1949,draft genome,DNA,0.676,22815446
1950,Avulsion fracture of the calcaneal tuberosity,disease,1.0,22662299
1951,avulsion fractures of the calcaneal tuberosity,disease,0.9937,22662299
1952,calcaneal avulsion fracture,disease,0.9795,22662299
1953,calcaneal,DNA,0.4854,22662299
1954,calcaneal fractures,disease,0.998,22662299
1955,infrabursal avulsion fracture,disease,0.9663,22662299
1956,calcaneal,DNA,0.4692,22662299
1957,calcaneal tuberosity fractures,disease,0.999,22662299
1958,nerve growth factor,gene,0.9946,22643799
1959,transforming tyrosine kinase protein,gene,0.9897,22643799
1960,tyrosine,drug,0.916,22643799
1961,low-affinity nerve growth factor receptors,gene,0.998,22643799
1962,notochordal cells,cell_type,0.884,22643799
1963,notochordal cells,cell_type,0.864,22643799
1964,intervertebral disc degeneration,disease,1.0,22643799
1965,notochordal cells,cell_type,0.836,22643799
1966,caspase,gene,0.8135,22643799
1967,Rat notochordal cells,cell_type,0.791,22643799
1968,Rat,species,0.9824,22643799
1969,bovine,species,0.627,22643799
1970,apoptotic cell,cell_type,0.715,22643799
1971,caspase,gene,0.974,22643799
1972,nerve growth factor,gene,0.986,22643799
1973,NGF,gene,0.988,22643799
1974,TrkA,gene,0.9634,22643799
1975,p75,gene,0.9946,22643799
1976,caspase-8,gene,0.99,22643799
1977,notochordal cells,cell_type,0.885,22643799
1978,NGF,gene,0.996,22643799
1979,p75 receptor,gene,0.9927,22643799
1980,JNK,gene,0.9937,22643799
1981,TrkA receptor,gene,0.993,22643799
1982,Akt,gene,0.986,22643799
1983,MAPK,gene,0.9097,22643799
1984,Pancaspase,gene,0.8037,22643799
1985,capase-9,gene,0.9893,22643799
1986,capase-8,gene,0.987,22643799
1987,notochordal cells,cell_type,0.878,22643799
1988,NGF,gene,0.996,22643799
1989,p75 receptor,gene,0.994,22643799
1990,JNK,gene,0.997,22643799
1991,notochordal cells,cell_type,0.882,22643799
1992,Caspase,gene,0.648,22643799
1993,disc degeneration,disease,1.0,22643799
1994,notochordal cells,cell_type,0.8276,22643799
1995,iron-reducing bacteria,cell_type,0.532,22538648
1996,iron,drug,0.5483,22538648
1997,Iron,drug,0.998,22538648
1998,As,drug,0.992,22538648
1999,Fe(III) oxide,drug,1.0,22538648
2000,iron,drug,0.9985,22538648
2001,IRB,cell_type,0.596,22538648
2002,iron,drug,0.9995,22538648
2003,IRB,gene,0.872,22538648
2004,16S rRNA,RNA,0.5083,22538648
2005,16S rRNA genes,gene,0.82,22538648
2006,Geobacter,species,0.58,22538648
2007,IRB,cell_type,0.4888,22538648
2008,iron,drug,0.999,22538648
2009,Fe(II),drug,1.0,22538648
2010,arsenic,drug,0.999,22538648
2011,As,drug,0.889,22538648
2012,B3 (16 m) site,DNA,0.71,22538648
2013,iron,drug,0.998,22538648
2014,16S rRNA,RNA,0.595,22538648
2015,16S rRNA gene sequence,gene,0.7695,22538648
2016,Rhodoferax ferrireducens,species,0.9717,22538648
2017,Clostridium,species,0.7007,22538648
2018,IRB,DNA,0.8364,22538648
2019,B1,DNA,0.579,22538648
2020,IRB,cell_type,0.4932,22538648
2021,Fe(II),drug,1.0,22538648
2022,As,drug,0.998,22538648
2023,Fimbriimonas ginsengisoli,species,0.883,22527625
2024,Gsoil 348,cell_line,0.4675,22527625
2025,ginseng,species,0.9473,22527625
2026,16S rRNA gene,RNA,0.625,22527625
2027,16S rRNA gene sequence,gene,0.81,22527625
2028,Gsoil 348,cell_line,0.5527,22527625
2029,quinones,drug,0.941,22527625
2030,menaquinones MK-11,drug,0.9844,22527625
2031,MK-10,drug,0.9976,22527625
2032,fatty acids,drug,0.9985,22527625
2033,iso-C(15,RNA,0.4731,22527625
2034,16S rRNA gene,RNA,0.608,22527625
2035,16S rRNA gene sequences,gene,0.779,22527625
2036,Armatimonadetes,cell_type,0.4146,22527625
2037,Fimbriimonas ginsengisoli,species,0.846,22527625
2038,ammonia,drug,0.9995,22515152
2039,ammonia,drug,0.9995,22515152
2040,N(2) O,drug,0.9927,22515152
2041,ammonia,drug,0.9995,22515152
2042,ammonia,drug,1.0,22515152
2043,AOA,cell_line,0.736,22515152
2044,thaumarchaeotal group I,cell_type,0.5684,22515152
2045,AOA,cell_line,0.662,22515152
2046,AOA,cell_line,0.589,22515152
2047,ammonia,drug,0.9995,22515152
2048,ammonia-oxidizing culture,cell_line,0.844,22515152
2049,ammonia,drug,0.9995,22515152
2050,archaeal population,cell_type,0.4644,22515152
2051,16S rRNA,RNA,0.6743,22515152
2052,16S rRNA gene,gene,0.9976,22515152
2053,JG1,cell_line,0.6133,22515152
2054,Candidatus Nitrososphaera gargensis,species,0.7236,22515152
2055,mesophilic archaeon,cell_type,0.583,22515152
2056,Nitrososphaera viennensis,species,0.818,22515152
2057,16S rRNA gene,gene,0.9937,22515152
2058,JG1,cell_line,0.5903,22515152
2059,JG1,cell_line,0.5444,22515152
2060,ammonia,drug,0.9995,22515152
2061,AOB,cell_type,0.6885,22515152
2062,JG1,cell_line,0.6255,22515152
2063,glycerol dialkyl glycerol tetraether,drug,1.0,22515152
2064,GDGT-4,drug,0.9995,22515152
2065,crenarchaeol,drug,0.9966,22515152
2066,Ca.N.gargensis,species,0.909,22515152
2067,JG1,cell_line,0.549,22515152
2068,ammonia,drug,0.9995,22515152
2069,oxygen,drug,0.9985,22515152
2070,AOB,cell_line,0.545,22515152
2071,AOA,cell_line,0.5596,22515152
2072,JG1,cell_line,0.4724,22515152
2073,(13) C,drug,0.9995,22515152
2074,bicarbonate,drug,0.9053,22515152
2075,archaeal,RNA,0.573,22515152
2076,JG1,cell_line,0.4055,22515152
2077,JG1,cell_line,0.4202,22515152
2078,N(2) O,drug,1.0,22515152
2079,AOA,DNA,0.4495,22515152
2080,N(2) O,drug,1.0,22515152
2081,archaeal amoA,gene,0.994,22515152
2082,16S rRNA genes,gene,0.996,22515152
2083,JG1,cell_line,0.44,22515152
2084,alcohol,drug,0.9946,22249723
2085,alcohol dehydrogenase 3,gene,0.9897,22249723
2086,mitochondrial alcohol dehydrogenase 3,gene,0.9937,22249723
2087,alcohol,drug,0.923,22249723
2088,thermotolerant methylotrophic yeast,cell_line,0.5415,22249723
2089,yeast,species,0.9346,22249723
2090,Hansenula polymorpha,species,0.9883,22249723
2091,HpADH3,gene,0.9907,22249723
2092,HpADH3,gene,0.9644,22249723
2093,alcohol,drug,0.998,22249723
2094,alcohol dehydrogenases,gene,0.975,22249723
2095,alcohol dehydrogenase,DNA,0.4656,22249723
2096,alcohol,drug,0.9966,22249723
2097,alcohol dehydrogenase 1 of,gene,0.9595,22249723
2098,H. polymorpha,species,0.9824,22249723
2099,cytosolic HpADH1,gene,0.8228,22249723
2100,HpADH3,gene,0.9727,22249723
2101,N,drug,0.7275,22249723
2102,recombinant HpADH3,gene,0.994,22249723
2103,Escherichia coli,species,0.873,22249723
2104,ethanol,drug,0.998,22249723
2105,acetaldehyde,drug,0.9995,22249723
2106,HpADH3,gene,0.986,22249723
2107,primary alcohols,drug,0.999,22249723
2108,acetaldehyde,drug,0.999,22249723
2109,H. polymorpha ADH3 gene,gene,0.9775,22249723
2110,H. polymorpha,species,0.965,22249723
2111,ethanol,drug,0.995,22249723
2112,ADH isozyme,gene,0.983,22249723
2113,ADH,gene,0.989,22249723
2114,HpADH3,DNA,0.5317,22249723
2115,HpADH3,gene,0.9966,22249723
2116,ADH,gene,0.994,22249723
2117,H,cell_line,0.5103,22249723
2118,H. polymorpha,species,0.9673,22249723
2119,HpADH3,gene,0.99,22249723
2120,carbon,drug,0.9985,22249723
2121,HpADH3 mutant,gene,0.9946,22249723
2122,HpADH3 expression cassette,DNA,0.923,22249723
2123,HpADH3 expression cassette,gene,0.9746,22249723
2124,ethanol,drug,0.993,22249723
2125,wild-type strain,cell_line,0.652,22249723
2126,glucose,drug,0.9995,22249723
2127,xylose,drug,0.998,22249723
2128,ethanol,drug,0.9985,22249723
2129,HpADH3,gene,0.9897,22249723
2130,wild-type strain,cell_line,0.845,22249723
2131,HpADH3,gene,0.9863,22249723
2132,H,cell_line,0.4453,22249723
2133,H. polymorpha,species,0.977,22249723
2134,autotrophic ammonia-oxidizing,cell_line,0.6245,22003023
2135,ammonia,drug,0.9976,22003023
2136,ammonia,drug,0.9995,22003023
2137,ammonia,drug,0.999,22003023
2138,archaeal cells,cell_type,0.7324,22003023
2139,16S rRNA,DNA,0.5347,22003023
2140,16S rRNA,gene,0.998,22003023
2141,archaeal amoA genes,gene,0.995,22003023
2142,bacterial amoA genes,DNA,0.7046,22003023
2143,bacterial amoA genes,gene,0.9927,22003023
2144,[C]bicarbonate,drug,0.9995,22003023
2145,C,drug,0.916,22003023
2146,glycerol dialkyl glycerol tetraethers,drug,0.9995,22003023
2147,crenarchaeal,cell_type,0.4727,22003023
2148,Candidatus Nitrosopumilus maritimus,species,0.7676,22003023
2149,16S,DNA,0.486,22003023
2150,16S rRNA,RNA,0.6646,22003023
2151,16S rRNA,gene,0.983,22003023
2152,amoA gene,gene,0.982,22003023
2153,ammonia,drug,0.9995,22003023
2154,oxygen,drug,0.999,22003023
2155,ammonia,drug,0.9995,22003023
2156,AOB,cell_type,0.695,22003023
2157,NO,drug,,22003023
2158,strain MY1,cell_line,0.5474,22003023
2159,soil,cell_type,0.4832,22003023
2160,soil ammonia,cell_line,0.5093,22003023
2161,ammonia,drug,0.9995,22003023
2162,Candidatus Nitrosoarchaeum koreensis,species,0.801,22003023
2163,Salinisphaera orenii,species,0.85,21984663
2164,16S rRNA gene,RNA,0.5283,21984663
2165,16S rRNA gene sequence,gene,0.979,21984663
2166,Salinisphaera shabanensis,species,0.664,21984663
2167,Salinisphaera dokdonensis,species,0.9224,21984663
2168,Salinisphaera hydrothermalis,species,0.9746,21984663
2169,16S rRNA gene sequence,DNA,0.7827,21984663
2170,16S rRNA gene,RNA,0.6143,21984663
2171,16S rRNA gene sequence,gene,0.974,21984663
2172,MK-B7,cell_line,0.5225,21984663
2173,genomic DNAs,DNA,0.865,21984663
2174,quinone,drug,0.993,21984663
2175,ubiquinone-,drug,0.9985,21984663
2176,S. shabanensis,species,0.977,21984663
2177,fatty acids,drug,0.996,21984663
2178,NaCl,drug,0.9995,21984663
2179,NaCl,drug,0.999,21984663
2180,Salinisphaera,species,0.8516,21984663
2181,Salinisphaera orenii,species,0.9175,21984663
2182,MK-B5,cell_line,0.728,21984663
2183,ammonia-oxidizing soil archaeon,cell_line,0.61,21914867
2184,ammonia,drug,0.999,21914867
2185,Ammonia,drug,1.0,21914867
2186,nitrogen,drug,0.999,21914867
2187,carbon,drug,0.998,21914867
2188,ammonia,drug,0.9995,21914867
2189,carbon,drug,0.9473,21914867
2190,ammonium,drug,0.999,21914867
2191,nitrite,drug,0.998,21914867
2192,Shewanella arctica,species,0.8477,21724958
2193,iron,drug,0.9683,21724958
2194,iron,drug,0.997,21724958
2195,lactate,drug,0.9956,21724958
2196,iron,drug,0.999,21724958
2197,IR26,cell_line,0.5117,21724958
2198,catalase,gene,0.995,21724958
2199,oxidase,gene,0.9434,21724958
2200,NaCl,drug,0.9976,21724958
2201,Na(+,drug,0.9995,21724958
2202,fatty acids,drug,0.992,21724958
2203,C,RNA,0.4746,21724958
2204,16,RNA,0.535,21724958
2205,16S rRNA gene sequences,gene,0.9893,21724958
2206,Shewanella vesiculosa,species,0.974,21724958
2207,Shewanella livingstonensis,species,0.959,21724958
2208,Shewanella frigidimarina,species,0.9707,21724958
2209,genomic DNA,DNA,0.8506,21724958
2210,S. vesiculosa,species,0.94,21724958
2211,S. livingstonensis,species,0.9395,21724958
2212,S. frigidimarina,species,0.9688,21724958
2213,ACAM,cell_line,0.4392,21724958
2214,Shewanella,species,0.64,21724958
2215,Shewanella arctica,species,0.823,21724958
2216,IR12,cell_line,0.803,21724958
2217,genes,DNA,0.4797,21717329
2218,1-deoxynojirimycin,drug,0.9253,21717329
2219,Bacillus subtilis,species,0.945,21717329
2220,1-Deoxynojirimycin,drug,0.977,21717329
2221,DNJ,drug,0.9976,21717329
2222,D-glucose,drug,0.999,21717329
2223,nitrogen,drug,0.9883,21717329
2224,oxygen,drug,0.9966,21717329
2225,intestinal Î±-glucosidase,gene,0.9907,21717329
2226,DNJ,drug,0.9976,21717329
2227,antitumor,disease,0.962,21717329
2228,DNJ,drug,0.9985,21717329
2229,mulberry tree,species,0.6567,21717329
2230,Streptomyces,species,0.694,21717329
2231,Bacillus,species,0.6846,21717329
2232,DNJ,drug,0.9985,21717329
2233,Bacillus subtilis,species,0.9624,21717329
2234,DNJ biosynthetic genes,DNA,0.775,21717329
2235,DNJ,drug,0.999,21717329
2236,B. subtilis,species,0.9883,21717329
2237,DNJ,drug,0.9995,21717329
2238,B. subtilis,species,0.977,21717329
2239,genomic DNA library,DNA,0.862,21717329
2240,B. subtilis,species,0.986,21717329
2241,Escherichia coli,species,0.973,21717329
2242,Î±-glucosidase,gene,0.997,21717329
2243,putative Operon,DNA,0.7505,21717329
2244,gabT1,gene,0.684,21717329
2245,yktc1,gene,0.5747,21717329
2246,gutB1,DNA,0.7886,21717329
2247,gutB1 genes,gene,0.9165,21717329
2248,phosphatase,gene,0.755,21717329
2249,oxidoreductase,gene,0.6597,21717329
2250,recombinant plasmid,DNA,0.847,21717329
2251,Operon sequence,DNA,0.929,21717329
2252,E. coli,species,0.9688,21717329
2253,DNJ,drug,0.9976,21717329
2254,gabT1,gene,0.8047,21717329
2255,yktc1,gene,0.614,21717329
2256,gutB1,DNA,0.7397,21717329
2257,gutB1 genes,gene,0.986,21717329
2258,DNJ,drug,0.9985,21717329
2259,B. subtilis,species,0.9883,21717329
2260,DNJ,drug,0.952,21717329
2261,Cx26,gene,0.568,21617344
2262,BICR-M1Rk breast cancer cell line,cell_line,0.931,21617344
2263,breast,cell_type,0.445,21617344
2264,breast cancer,disease,0.9995,21617344
2265,connexin,gene,0.9873,21617344
2266,Cx,gene,0.955,21617344
2267,cancer cells,cell_type,0.789,21617344
2268,cancer,disease,1.0,21617344
2269,Cx26,gene,0.6333,21617344
2270,Cx26 cDNA,gene,0.8657,21617344
2271,rat breast cancer cell line,cell_line,0.962,21617344
2272,rat,species,0.9907,21617344
2273,breast cancer,disease,0.8843,21617344
2274,Cx26,gene,0.543,21617344
2275,breast cancer cells,cell_line,0.645,21617344
2276,breast cancer,disease,1.0,21617344
2277,Cx26,gene,0.518,21617344
2278,-NES,DNA,0.425,21617344
2279,NES,gene,0.521,21617344
2280,Cx26 cDNA,gene,0.9014,21617344
2281,glacier,DNA,0.6265,21556884
2282,coastal marine,DNA,0.4663,21556884
2283,station,DNA,0.466,21556884
2284,carbon,drug,1.0,21556884
2285,calcium carbonate,drug,0.9995,21556884
2286,chlorophyll a,drug,0.9917,21556884
2287,16S rRNA gene clone libraries,DNA,0.844,21556884
2288,16S rRNA gene,gene,0.5425,21556884
2289,glacier,DNA,0.687,21556884
2290,crenarchaeotal,cell_type,0.478,21556884
2291,Marine Benthic Group-B,cell_line,0.5225,21556884
2292,sulfate,drug,0.999,21556884
2293,sulfate-reducers,cell_line,0.5264,21556884
2294,sulfate,drug,0.9995,21556884
2295,Metastatic malignant tumour in the hand,disease,0.975,21504279
2296,malignant tumour,disease,1.0,21504279
2297,metastatic malignant tumour of the hand,disease,0.9995,21504279
2298,glycerol dibiphytanyl glycerol tetraether,drug,0.9995,21441324
2299,ammonia-oxidizing archaea,cell_line,0.5894,21441324
2300,ammonia,drug,0.9995,21441324
2301,Glycerol dibiphytanyl glycerol tetraether,drug,0.9995,21441324
2302,GDGT,drug,0.997,21441324
2303,ammonia,drug,0.9995,21441324
2304,aquarium,DNA,0.6494,21441324
2305,GDGTs,drug,0.997,21441324
2306,AOA,drug,0.9966,21441324
2307,Candidatus Nitrosoarchaeum limnia,species,0.6406,21441324
2308,AOA,cell_line,0.567,21441324
2309,AOA,cell_line,0.5,21441324
2310,crenarchaeol,drug,0.997,21441324
2311,GDGT,drug,0.92,21441324
2312,cyclohexane,drug,0.9995,21441324
2313,cyclopentane,drug,0.9995,21441324
2314,GDGT,drug,0.7407,21441324
2315,crenarchaeol,drug,0.992,21441324
2316,AOA,disease,0.9985,21441324
2317,AOA,drug,0.995,21441324
2318,monohexose,drug,0.9995,21441324
2319,dihexose,drug,0.9995,21441324
2320,phosphohexose,drug,0.999,21441324
2321,hexose,drug,0.9995,21441324
2322,phosphohexose,drug,0.9927,21441324
2323,hexose,drug,1.0,21441324
2324,phosphohexose,drug,0.9985,21441324
2325,crenarchaeol,drug,0.977,21441324
2326,AOA,drug,0.77,21441324
2327,AOA,cell_line,0.4954,21441324
2328,GDGTs,drug,0.9946,21441324
2329,Candidatus Nitrosopumilus maritimus,species,0.7036,21441324
2330,AOA,cell_line,0.4358,21441324
2331,"""Candidatus Nitrososphaera gargensis",species,0.7866,21441324
2332,sulfur-oxidizing enrichment culture,cell_line,0.9375,21221928
2333,sulfur,drug,0.9995,21221928
2334,sulfur,drug,0.876,21221928
2335,sulfur,drug,0.9995,21221928
2336,sulfur,drug,0.9946,21221928
2337,sulfur,drug,0.896,21221928
2338,thiosulfate,drug,0.9995,21221928
2339,tetrathionate,drug,0.9995,21221928
2340,sulfide,drug,0.999,21221928
2341,polysulfide,drug,0.9995,21221928
2342,16S rRNA gene,gene,0.923,21221928
2343,sulfide,drug,0.9995,21221928
2344,fosmid clone,DNA,0.6084,21221928
2345,fosmid,cell_line,0.559,21221928
2346,group I sulfide-quinone reductase,gene,0.9966,21221928
2347,sulfide,drug,0.9707,21221928
2348,sqr),gene,0.988,21221928
2349,rhodanese genes,gene,0.869,21221928
2350,Thiomicrospira crunogena XCL2,species,0.824,21221928
2351,homologous genes,DNA,0.662,21221928
2352,sqr gene,gene,0.608,21221928
2353,Fosmid,cell_line,0.6187,21221928
2354,carbon,drug,0.543,21221928
2355,cbbL,gene,0.836,21221928
2356,cbbM,gene,0.792,21221928
2357,narG,gene,0.749,21221928
2358,sqr,gene,0.793,21221928
2359,fosmid clones,DNA,0.482,21221928
2360,16S rRNA gene,gene,0.829,21221928
2361,carbon,drug,0.975,21221928
2362,chemolithotrophic -proteobacteria,cell_type,0.5225,21221928
2363,denitrifying cultures,cell_line,0.889,21221928
2364,sulfur,drug,0.9995,21221928
2365,avascular necrosis of the femoral head,disease,1.0,21210629
2366,avascular necrosis of the femoral head,disease,1.0,21210629
2367,blood samples,cell_type,0.657,21210629
2368,avascular necrosis,disease,1.0,21210629
2369,alcoholic,disease,0.845,21210629
2370,candidate genes,DNA,0.715,21210629
2371,avascular necrosis of the femoral head,disease,1.0,21210629
2372,osteonecrosis of bone,disease,1.0,21210629
2373,candidate gene,DNA,0.865,21210629
2374,avascular necrosis of the femoral head,disease,1.0,21210629
2375,specific genes,DNA,0.5957,21210629
2376,FLJ40296,gene,0.842,21210629
2377,CYP27C1,gene,0.7954,21210629
2378,CTDP1,gene,0.8516,21210629
2379,FLJ40296,DNA,0.825,21210629
2380,CYP27C1,gene,0.7827,21210629
2381,FLJ40296,DNA,0.7793,21210629
2382,alcoholic,drug,0.8843,21210629
2383,CYP27C1,gene,0.73,21210629
2384,alcoholic,drug,0.9937,21210629
2385,CTDP1,gene,0.755,21210629
2386,alcoholic,disease,0.61,21210629
2387,gene,DNA,0.5723,21210629
2388,avascular necrosis of the femoral head,disease,1.0,21210629
2389,necrosis of the femoral head,disease,0.999,21210629
2390,Flavobacterium,species,0.887,21186289
2391,16S rRNA gene sequence,gene,0.9756,21186289
2392,Flavobacterium,species,0.6484,21186289
2393,Flavobacterium glaciei,species,0.94,21186289
2394,Flavobacterium johnsoniae,species,0.924,21186289
2395,NaCl,drug,0.9927,21186289
2396,Flexirubin,drug,0.9995,21186289
2397,Menaquinone-6,drug,0.9995,21186289
2398,MK-6,drug,0.9995,21186289
2399,quinone,drug,0.9634,21186289
2400,fatty acids,drug,0.9937,21186289
2401,iso-C,drug,0.634,21186289
2402,iso-C(15 : 0) 2-OH,drug,0.9424,21186289
2403,C,RNA,0.535,21186289
2404,DNA,RNA,0.4624,21186289
2405,pectin,gene,0.713,21186289
2406,oxidase,gene,0.968,21186289
2407,catalase,gene,0.985,21186289
2408,F. glaciei,species,0.9688,21186289
2409,F. johnsoniae,species,0.9736,21186289
2410,Flavobacterium,species,0.581,21186289
2411,Flavobacterium chungbukense,species,0.828,21186289
2412,CS100,cell_line,0.513,21186289
